,kind,etag,id.kind,id.videoId,snippet.publishedAt,snippet.channelId,snippet.title,snippet.description,snippet.thumbnails.default.url,snippet.thumbnails.default.width,snippet.thumbnails.default.height,snippet.thumbnails.medium.url,snippet.thumbnails.medium.width,snippet.thumbnails.medium.height,snippet.thumbnails.high.url,snippet.thumbnails.high.width,snippet.thumbnails.high.height,snippet.channelTitle,snippet.liveBroadcastContent,snippet.publishTime
0,youtube#searchResult,Z9oSUejt3QwlLA-0zmNQ07yGrMY,youtube#video,QcIWk0XaXFE,2021-04-05T12:21:03Z,UCOjD18EJYcsBog4IozkF_7w,Pydata Berlin Meetup March 2021: Deepfakes or why I have trust issues,"In this talk I'll presente an overview of deepfakes - how depfakes are being misused in the society to propagate propaganda, how they undermine trust, and how ...",https://i.ytimg.com/vi/QcIWk0XaXFE/default.jpg,120,90,https://i.ytimg.com/vi/QcIWk0XaXFE/mqdefault.jpg,320,180,https://i.ytimg.com/vi/QcIWk0XaXFE/hqdefault.jpg,480,360,PyData,none,2021-04-05T12:21:03Z
1,youtube#searchResult,0gE0ElAf3cLais57UHot-5F0wgE,youtube#video,0faKezpsxbI,2021-04-03T20:38:48Z,UCOjD18EJYcsBog4IozkF_7w,How to build a MLOps platform,"PyData Cyprus Meetup - March 2021 Abstract ----------------------- MLOps is a very popular word these days in the ML community. In this talk, Pavlos will explain ...",https://i.ytimg.com/vi/0faKezpsxbI/default.jpg,120,90,https://i.ytimg.com/vi/0faKezpsxbI/mqdefault.jpg,320,180,https://i.ytimg.com/vi/0faKezpsxbI/hqdefault.jpg,480,360,PyData,none,2021-04-03T20:38:48Z
2,youtube#searchResult,pQKSkQnxmPRW9cJ5VQZ6_0wsbqQ,youtube#video,6dZBTtwF2-s,2021-03-18T07:39:00Z,UCOjD18EJYcsBog4IozkF_7w,PyData Berlin meetup Zoom Meeting,"www.pydata.org PyData is an educational program of NumFOCUS, a 501(c)3 non-profit organization in the United States. PyData provides a forum for the ...",https://i.ytimg.com/vi/6dZBTtwF2-s/default.jpg,120,90,https://i.ytimg.com/vi/6dZBTtwF2-s/mqdefault.jpg,320,180,https://i.ytimg.com/vi/6dZBTtwF2-s/hqdefault.jpg,480,360,PyData,none,2021-03-18T07:39:00Z
3,youtube#searchResult,rtW-CX8tlZ086ej9QfLqmh1AEyE,youtube#video,S_xHYYkl7mE,2021-03-05T22:33:25Z,UCOjD18EJYcsBog4IozkF_7w,Eyal Kazin - A Gentle Introduction to Multi-Objective Optimisation | PyData Eindhoven,"www.pydata.org PyData is an educational program of NumFOCUS, a 501(c)3 non-profit organization in the United States. PyData provides a forum for the ...",https://i.ytimg.com/vi/S_xHYYkl7mE/default.jpg,120,90,https://i.ytimg.com/vi/S_xHYYkl7mE/mqdefault.jpg,320,180,https://i.ytimg.com/vi/S_xHYYkl7mE/hqdefault.jpg,480,360,PyData,none,2021-03-05T22:33:25Z
4,youtube#searchResult,pFpOolSm5p-vTGkn11-q-AzI9x8,youtube#video,lmUGGeY1G68,2021-03-01T05:02:11Z,UCOjD18EJYcsBog4IozkF_7w,Devin Conathan - Tools &amp; Techniques for Bringing Machine Learning Research to Production,"PyData Chicago February Meetup === www.pydata.org PyData is an educational program of NumFOCUS, a 501(c)3 non-profit organization in the United States.",https://i.ytimg.com/vi/lmUGGeY1G68/default.jpg,120,90,https://i.ytimg.com/vi/lmUGGeY1G68/mqdefault.jpg,320,180,https://i.ytimg.com/vi/lmUGGeY1G68/hqdefault.jpg,480,360,PyData,none,2021-03-01T05:02:11Z
0,youtube#searchResult,epQLQOoj2ouDXZWR_E2BTFTdX90,youtube#video,f4nvqsB0YBA,2021-02-23T13:51:23Z,UCtWI06j1EADmEOGj2iJhSyA,Core Python Devs on how COVID has changed core Python development,"Mariatta, Nina Zakharenko, Brett Cannon, Carol Willing, Guido van Rossum) Python is a programming language that we all know and love. We've come to ...",https://i.ytimg.com/vi/f4nvqsB0YBA/default.jpg,120,90,https://i.ytimg.com/vi/f4nvqsB0YBA/mqdefault.jpg,320,180,https://i.ytimg.com/vi/f4nvqsB0YBA/hqdefault.jpg,480,360,PyCascades,none,2021-02-23T13:51:23Z
1,youtube#searchResult,6tVmtcdpa4yRRmDNR9oLC3AnrIw,youtube#video,WwvpsqyWsc4,2021-02-23T13:51:26Z,UCtWI06j1EADmEOGj2iJhSyA,&quot;Building a Python Data Pipeline with Apache Flink&quot; - Caito Scherr (PyCascades 2021),"(Caito Scherr) Any symbiotic relationship among very different creatures has unique challenges, but can result in something even more powerful than the sum of ...",https://i.ytimg.com/vi/WwvpsqyWsc4/default.jpg,120,90,https://i.ytimg.com/vi/WwvpsqyWsc4/mqdefault.jpg,320,180,https://i.ytimg.com/vi/WwvpsqyWsc4/hqdefault.jpg,480,360,PyCascades,none,2021-02-23T13:51:26Z
2,youtube#searchResult,TTvm0bXXIaQ1Afr6ChhMXg0CnlU,youtube#video,khLaAkdC2xI,2021-02-23T13:51:19Z,UCtWI06j1EADmEOGj2iJhSyA,"Worldwide Python Communities: Learn From Organizers in Zimbabwe, Indonesia, and South Korea","Marlene Mhangami, Dima M Dinama, Younggun Kim, Dan Mouris (Panel Host)) COVID has changed the landscape of in-person events, resulting in cancelled ...",https://i.ytimg.com/vi/khLaAkdC2xI/default.jpg,120,90,https://i.ytimg.com/vi/khLaAkdC2xI/mqdefault.jpg,320,180,https://i.ytimg.com/vi/khLaAkdC2xI/hqdefault.jpg,480,360,PyCascades,none,2021-02-23T13:51:19Z
3,youtube#searchResult,2Og-u5l8ew6mNgcoEUD3W7luMsU,youtube#video,QpkCyL8yFOE,2021-02-23T13:06:13Z,UCtWI06j1EADmEOGj2iJhSyA,Giving the Perfect Intro to Coding Workshop...in Python!,"(Dawn Chandler (they/them), Jennifer Dai, Doris Chang) In this talk, we'll walk you through a tried and tested intro to coding workshop that you can use to teach ...",https://i.ytimg.com/vi/QpkCyL8yFOE/default.jpg,120,90,https://i.ytimg.com/vi/QpkCyL8yFOE/mqdefault.jpg,320,180,https://i.ytimg.com/vi/QpkCyL8yFOE/hqdefault.jpg,480,360,PyCascades,none,2021-02-23T13:06:13Z
4,youtube#searchResult,iJG8FJl95IqQ4Xb_NXXFJAh8H-s,youtube#video,0jNMDqTqD2s,2021-02-23T13:06:09Z,UCtWI06j1EADmEOGj2iJhSyA,&quot;Polaris: Open Source Machine Learning for Spacecraft Operations&quot; - Hugh Brown (PyCascades 2021),"(Hugh Brown) Sending a satellite to space is easier than ever before. Cubesats -- satellites the size of a loaf of bread, or even smaller -- can be built for as little ...",https://i.ytimg.com/vi/0jNMDqTqD2s/default.jpg,120,90,https://i.ytimg.com/vi/0jNMDqTqD2s/mqdefault.jpg,320,180,https://i.ytimg.com/vi/0jNMDqTqD2s/hqdefault.jpg,480,360,PyCascades,none,2021-02-23T13:06:09Z
0,youtube#searchResult,byyIbGR2xa0KLNAI6S5eRTESRxU,youtube#video,9ub1OTKmN8w,2021-03-21T01:34:17Z,UCEnagt088yX-ruTalg-GJeQ,"Experimentation with Papermill, and MLFlow | Shadab Hussain | PyData Pune Meetup | March 2021","Session by Shadab Hussain. ----------------------------------- Experimentation with Papermill, and MLFlow ----------------------------------- - Understanding the normal ...",https://i.ytimg.com/vi/9ub1OTKmN8w/default.jpg,120,90,https://i.ytimg.com/vi/9ub1OTKmN8w/mqdefault.jpg,320,180,https://i.ytimg.com/vi/9ub1OTKmN8w/hqdefault.jpg,480,360,PyData Pune,none,2021-03-21T01:34:17Z
1,youtube#searchResult,Dtrd3_Uo-7YyTvd6Ud4xfZol-u8,youtube#video,QoseDYY7WBA,2021-02-22T02:39:39Z,UCEnagt088yX-ruTalg-GJeQ,Clinical Named Entity Recognition at Scale with Spark NLP | Veysel Kocaman | PyData Pune Meetup,"Session by Veysel Kocaman. Spark NLP is a Natural Language Processing (NLP) library built on top of Apache Spark ML. It provides simple, performant ...",https://i.ytimg.com/vi/QoseDYY7WBA/default.jpg,120,90,https://i.ytimg.com/vi/QoseDYY7WBA/mqdefault.jpg,320,180,https://i.ytimg.com/vi/QoseDYY7WBA/hqdefault.jpg,480,360,PyData Pune,none,2021-02-22T02:39:39Z
2,youtube#searchResult,y3-ybTBFhw38dPqtVrpuQsgVFtY,youtube#video,0S9iai4Ld4I,2020-12-21T02:52:38Z,UCEnagt088yX-ruTalg-GJeQ,In Search of Best Practices for NLP Projects | Ivan Bilan | PyData Pune Meetup | December 2020,"Session by Ivan Bilan. In this talk, we are going to explore the best practices for building NLP and ML projects from the ground-up and up to production.",https://i.ytimg.com/vi/0S9iai4Ld4I/default.jpg,120,90,https://i.ytimg.com/vi/0S9iai4Ld4I/mqdefault.jpg,320,180,https://i.ytimg.com/vi/0S9iai4Ld4I/hqdefault.jpg,480,360,PyData Pune,none,2020-12-21T02:52:38Z
3,youtube#searchResult,cCyOdraxQ0JU9v3wamXzltv7PNQ,youtube#video,1kVQSYMAzDc,2020-11-30T02:32:15Z,UCEnagt088yX-ruTalg-GJeQ,Efficient Modern NLP: An Overview | Hieu Nguyen | PyData Pune Meetup | November 2020,"Session by Hieu Nguyen. Since the Transformers architecture and BERT were invented in 2017 and 2018 subsequently, the two have become the new ...",https://i.ytimg.com/vi/1kVQSYMAzDc/default.jpg,120,90,https://i.ytimg.com/vi/1kVQSYMAzDc/mqdefault.jpg,320,180,https://i.ytimg.com/vi/1kVQSYMAzDc/hqdefault.jpg,480,360,PyData Pune,none,2020-11-30T02:32:15Z
4,youtube#searchResult,XyzP2Yre39aTy-1JpncLlBHokow,youtube#video,C803N4oJAH4,2020-10-04T01:10:56Z,UCEnagt088yX-ruTalg-GJeQ,Deep Learning in Stock Market | Louis Owen | PyData Pune Meetup | October 2020,"Session by Louis Owen. ""Combining the Power of Historical Stock Data, the Wisdom of Crowds, and the Advance of Deep Learning in Stock Market Prediction"" ...",https://i.ytimg.com/vi/C803N4oJAH4/default.jpg,120,90,https://i.ytimg.com/vi/C803N4oJAH4/mqdefault.jpg,320,180,https://i.ytimg.com/vi/C803N4oJAH4/hqdefault.jpg,480,360,PyData Pune,none,2020-10-04T01:10:56Z
0,youtube#searchResult,JLxF3Vl2ZWh4q5EYrRmATR3j-vw,youtube#video,SvNGA5-wIPs,2021-03-04T11:31:01Z,UCTCV2vonJgaQVb8AdMgdvCA,Data FAQs with the UKDS,Data FAQs Some questions come up again and again in relation to data industries. Questions like: * Should I learn R or Python? * How reproducible should my ...,https://i.ytimg.com/vi/SvNGA5-wIPs/default_live.jpg,120,90,https://i.ytimg.com/vi/SvNGA5-wIPs/mqdefault_live.jpg,320,180,https://i.ytimg.com/vi/SvNGA5-wIPs/hqdefault_live.jpg,480,360,PyDataMCR,upcoming,2021-03-04T11:31:01Z
1,youtube#searchResult,UZMrCfXN0L61zmVkyJdUCg2Qirc,youtube#video,VaJ6auzRJEQ,2021-02-24T07:15:57Z,UCTCV2vonJgaQVb8AdMgdvCA,Agent-based modeling,"Agent-based modeling Social science seeks to understand human behaviour. Not only is this exploration difficult, but it comes with a series of ethical problems.",https://i.ytimg.com/vi/VaJ6auzRJEQ/default.jpg,120,90,https://i.ytimg.com/vi/VaJ6auzRJEQ/mqdefault.jpg,320,180,https://i.ytimg.com/vi/VaJ6auzRJEQ/hqdefault.jpg,480,360,PyDataMCR,none,2021-02-24T07:15:57Z
2,youtube#searchResult,IX35nEya-zk6vBFtvKgtOmppUYk,youtube#video,IwixQPX8hhw,2020-11-26T07:23:43Z,UCTCV2vonJgaQVb8AdMgdvCA,Contain yourself! It&#39;s Docker for data science...,"Contain yourself! It's Docker for data science... As Python users, we're blessed with a great wealth of fantastic tools and libraries to use, but the flip side of this is ...",https://i.ytimg.com/vi/IwixQPX8hhw/default.jpg,120,90,https://i.ytimg.com/vi/IwixQPX8hhw/mqdefault.jpg,320,180,https://i.ytimg.com/vi/IwixQPX8hhw/hqdefault.jpg,480,360,PyDataMCR,none,2020-11-26T07:23:43Z
3,youtube#searchResult,TpYSS6mGeUzVsfhGJppZmihZKBY,youtube#video,4bSo3oR2vpg,2020-10-28T07:39:46Z,UCTCV2vonJgaQVb8AdMgdvCA,Data Horror Stories with Open Data Manchester &amp; Her+DataMcr,"Do you have a tale of bad stats, strange correlations, malicious intent or plain stupidity? Join us and share your Data Horror Stories! Toy Story 2's production ...",https://i.ytimg.com/vi/4bSo3oR2vpg/default.jpg,120,90,https://i.ytimg.com/vi/4bSo3oR2vpg/mqdefault.jpg,320,180,https://i.ytimg.com/vi/4bSo3oR2vpg/hqdefault.jpg,480,360,PyDataMCR,none,2020-10-28T07:39:46Z
4,youtube#searchResult,zrzeXCgERNEOFiS4PPGT6JKrvBU,youtube#video,A8ODCbBuRrk,2020-09-22T18:35:33Z,UCTCV2vonJgaQVb8AdMgdvCA,PyDataMCR - Design Patterns for Responsible AI,Design Patterns for Responsible AI Responsible AI is a set of techniques to ensure that AI benefits society and doesn't reinforce unfair bias. Design patterns are ...,https://i.ytimg.com/vi/A8ODCbBuRrk/default.jpg,120,90,https://i.ytimg.com/vi/A8ODCbBuRrk/mqdefault.jpg,320,180,https://i.ytimg.com/vi/A8ODCbBuRrk/hqdefault.jpg,480,360,PyDataMCR,none,2020-09-22T18:35:33Z
0,youtube#searchResult,JLxF3Vl2ZWh4q5EYrRmATR3j-vw,youtube#video,SvNGA5-wIPs,2021-03-04T11:31:01Z,UCTCV2vonJgaQVb8AdMgdvCA,Data FAQs with the UKDS,Data FAQs Some questions come up again and again in relation to data industries. Questions like: * Should I learn R or Python? * How reproducible should my ...,https://i.ytimg.com/vi/SvNGA5-wIPs/default_live.jpg,120,90,https://i.ytimg.com/vi/SvNGA5-wIPs/mqdefault_live.jpg,320,180,https://i.ytimg.com/vi/SvNGA5-wIPs/hqdefault_live.jpg,480,360,PyDataMCR,upcoming,2021-03-04T11:31:01Z
1,youtube#searchResult,UZMrCfXN0L61zmVkyJdUCg2Qirc,youtube#video,VaJ6auzRJEQ,2021-02-24T07:15:57Z,UCTCV2vonJgaQVb8AdMgdvCA,Agent-based modeling,"Agent-based modeling Social science seeks to understand human behaviour. Not only is this exploration difficult, but it comes with a series of ethical problems.",https://i.ytimg.com/vi/VaJ6auzRJEQ/default.jpg,120,90,https://i.ytimg.com/vi/VaJ6auzRJEQ/mqdefault.jpg,320,180,https://i.ytimg.com/vi/VaJ6auzRJEQ/hqdefault.jpg,480,360,PyDataMCR,none,2021-02-24T07:15:57Z
2,youtube#searchResult,IX35nEya-zk6vBFtvKgtOmppUYk,youtube#video,IwixQPX8hhw,2020-11-26T07:23:43Z,UCTCV2vonJgaQVb8AdMgdvCA,Contain yourself! It&#39;s Docker for data science...,"Contain yourself! It's Docker for data science... As Python users, we're blessed with a great wealth of fantastic tools and libraries to use, but the flip side of this is ...",https://i.ytimg.com/vi/IwixQPX8hhw/default.jpg,120,90,https://i.ytimg.com/vi/IwixQPX8hhw/mqdefault.jpg,320,180,https://i.ytimg.com/vi/IwixQPX8hhw/hqdefault.jpg,480,360,PyDataMCR,none,2020-11-26T07:23:43Z
3,youtube#searchResult,TpYSS6mGeUzVsfhGJppZmihZKBY,youtube#video,4bSo3oR2vpg,2020-10-28T07:39:46Z,UCTCV2vonJgaQVb8AdMgdvCA,Data Horror Stories with Open Data Manchester &amp; Her+DataMcr,"Do you have a tale of bad stats, strange correlations, malicious intent or plain stupidity? Join us and share your Data Horror Stories! Toy Story 2's production ...",https://i.ytimg.com/vi/4bSo3oR2vpg/default.jpg,120,90,https://i.ytimg.com/vi/4bSo3oR2vpg/mqdefault.jpg,320,180,https://i.ytimg.com/vi/4bSo3oR2vpg/hqdefault.jpg,480,360,PyDataMCR,none,2020-10-28T07:39:46Z
4,youtube#searchResult,zrzeXCgERNEOFiS4PPGT6JKrvBU,youtube#video,A8ODCbBuRrk,2020-09-22T18:35:33Z,UCTCV2vonJgaQVb8AdMgdvCA,PyDataMCR - Design Patterns for Responsible AI,Design Patterns for Responsible AI Responsible AI is a set of techniques to ensure that AI benefits society and doesn't reinforce unfair bias. Design patterns are ...,https://i.ytimg.com/vi/A8ODCbBuRrk/default.jpg,120,90,https://i.ytimg.com/vi/A8ODCbBuRrk/mqdefault.jpg,320,180,https://i.ytimg.com/vi/A8ODCbBuRrk/hqdefault.jpg,480,360,PyDataMCR,none,2020-09-22T18:35:33Z
0,youtube#searchResult,Po90XJt2t4nQ8xgQ3RgB3Ib8Vgw,youtube#video,jNZw_azRlDU,2021-03-31T15:43:35Z,UC2d_azMgPLw_8JzgbpNb2oQ,PyData Montreal #19 with Frederick Reiss and Luciano Resende,"Our speakers this time are: - Frederick Reiss, with a talk ""Text Extensions for Pandas"", and - Luciano Resende with ""Introducing Elyra: Extending JupyterLab for ...",https://i.ytimg.com/vi/jNZw_azRlDU/default_live.jpg,120,90,https://i.ytimg.com/vi/jNZw_azRlDU/mqdefault_live.jpg,320,180,https://i.ytimg.com/vi/jNZw_azRlDU/hqdefault_live.jpg,480,360,PyData Montreal,upcoming,2021-03-31T15:43:35Z
1,youtube#searchResult,iVgJacVAoYqUsTgdn4y3ML3TmeY,youtube#video,NrdJOfYisKI,2021-03-20T00:01:15Z,UC2d_azMgPLw_8JzgbpNb2oQ,PyData Montreal #18: Data Engineering and Data Management,"Our speakers this time are: - Ben Rogojan, with a talk ""The Python ETL: Airflow Vs. Luigi"", and - Sergey Karayev, presenting on ""Full Stack Deep Learning: Data ...",https://i.ytimg.com/vi/NrdJOfYisKI/default.jpg,120,90,https://i.ytimg.com/vi/NrdJOfYisKI/mqdefault.jpg,320,180,https://i.ytimg.com/vi/NrdJOfYisKI/hqdefault.jpg,480,360,PyData Montreal,none,2021-03-20T00:01:15Z
2,youtube#searchResult,wCI6iGv2amV_nGMvm4gmAXpOxS8,youtube#video,RG-yV5zgqjQ,2021-02-26T01:22:19Z,UC2d_azMgPLw_8JzgbpNb2oQ,PyData Montreal #17: Online meetup on NLP,"Our guests this time are: - Sylvain Gugger, a Research Engineer at Hugging Face and one of the core maintainers of the Transformers library, with a talk on ...",https://i.ytimg.com/vi/RG-yV5zgqjQ/default.jpg,120,90,https://i.ytimg.com/vi/RG-yV5zgqjQ/mqdefault.jpg,320,180,https://i.ytimg.com/vi/RG-yV5zgqjQ/hqdefault.jpg,480,360,PyData Montreal,none,2021-02-26T01:22:19Z
3,youtube#searchResult,KPBnaq8XAWkfPDFsZO9-z5wNiBo,youtube#video,vajaT1FNP6I,2021-01-14T01:00:19Z,UC2d_azMgPLw_8JzgbpNb2oQ,PyData Montreal #16: online event with James Lamb and Arnab Biswas,"""Scaling Machine Learning with Python and Dask"" by James Lamb: In this talk, attendees will get an introduction to Dask, a distributed computing framework in ...",https://i.ytimg.com/vi/vajaT1FNP6I/default.jpg,120,90,https://i.ytimg.com/vi/vajaT1FNP6I/mqdefault.jpg,320,180,https://i.ytimg.com/vi/vajaT1FNP6I/hqdefault.jpg,480,360,PyData Montreal,none,2021-01-14T01:00:19Z
4,youtube#searchResult,725SfcaNo4T0iP-qRdgATMQGj74,youtube#video,euD6lAXaV0o,2020-12-17T00:16:02Z,UC2d_azMgPLw_8JzgbpNb2oQ,PyData MTL: &quot;Testing production machine learning systems&quot; by Josh Tobin,"""Testing production machine learning systems"" by Josh Tobin Testing is a critical part of the software development cycle. As your software project grows, dealing ...",https://i.ytimg.com/vi/euD6lAXaV0o/default.jpg,120,90,https://i.ytimg.com/vi/euD6lAXaV0o/mqdefault.jpg,320,180,https://i.ytimg.com/vi/euD6lAXaV0o/hqdefault.jpg,480,360,PyData Montreal,none,2020-12-17T00:16:02Z
0,youtube#searchResult,JTFC12DNXHrvHZc1KFqjbKAaYTU,youtube#video,iDxJxIyzSiM,2021-01-05T12:17:05Z,UCP7jMXSY2xbc3KCAE0MHQ-A,NeurIPS 2020: JAX Ecosystem Meetup,"Learn more about JAX and why it's effective for research in reinforcement learning, GANs, meta-gradients and more. Date: 09/12/20 Slides: https://bit.ly/3pQB0vl.",https://i.ytimg.com/vi/iDxJxIyzSiM/default.jpg,120,90,https://i.ytimg.com/vi/iDxJxIyzSiM/mqdefault.jpg,320,180,https://i.ytimg.com/vi/iDxJxIyzSiM/hqdefault.jpg,480,360,DeepMind,none,2021-01-05T12:17:05Z
1,youtube#searchResult,LnrMiIaeuQTXHqBr03f7tiKUlHI,youtube#video,KpedmJdrTpY,2020-11-30T15:34:21Z,UCP7jMXSY2xbc3KCAE0MHQ-A,Protein folding explained,Join DeepMind Science Engineer Kathryn Tunyasuvunakool to explore the hidden world of proteins. These tiny molecular machines underpin every biological ...,https://i.ytimg.com/vi/KpedmJdrTpY/default.jpg,120,90,https://i.ytimg.com/vi/KpedmJdrTpY/mqdefault.jpg,320,180,https://i.ytimg.com/vi/KpedmJdrTpY/hqdefault.jpg,480,360,DeepMind,none,2020-11-30T15:34:21Z
2,youtube#searchResult,94XQxSufr9GLdMfWkMELrjQVN-4,youtube#video,gg7WjuFs8F4,2020-11-30T15:34:24Z,UCP7jMXSY2xbc3KCAE0MHQ-A,AlphaFold: The making of a scientific breakthrough,"The inside story of the DeepMind team of scientists and engineers who created AlphaFold, an AI system that is recognised as a solution to ""protein folding"", ...",https://i.ytimg.com/vi/gg7WjuFs8F4/default.jpg,120,90,https://i.ytimg.com/vi/gg7WjuFs8F4/mqdefault.jpg,320,180,https://i.ytimg.com/vi/gg7WjuFs8F4/hqdefault.jpg,480,360,DeepMind,none,2020-11-30T15:34:24Z
3,youtube#searchResult,1-2TjaRZCyciTKTpKKu9szD89Cg,youtube#video,3FHWSTKQi58,2020-11-05T12:53:03Z,UCP7jMXSY2xbc3KCAE0MHQ-A,DeepMind Scholars: Benedetta&#39;s story,"The DeepMind Scholars programme gives talented students from underrepresented backgrounds the support they need to study at leading universities, and ...",https://i.ytimg.com/vi/3FHWSTKQi58/default.jpg,120,90,https://i.ytimg.com/vi/3FHWSTKQi58/mqdefault.jpg,320,180,https://i.ytimg.com/vi/3FHWSTKQi58/hqdefault.jpg,480,360,DeepMind,none,2020-11-05T12:53:03Z
4,youtube#searchResult,zQ9GFg8pvIM8L06y2IzVuEwWGPc,youtube#video,MhNcWxUs-PQ,2020-07-09T14:28:55Z,UCP7jMXSY2xbc3KCAE0MHQ-A,DeepMind x UCL | Deep Learning Lectures | 12/12 |  Responsible Innovation,"What can we do to build algorithms that are safe, reliable and robust? And what are the responsibilities of technologists who work in this area? In this talk ...",https://i.ytimg.com/vi/MhNcWxUs-PQ/default.jpg,120,90,https://i.ytimg.com/vi/MhNcWxUs-PQ/mqdefault.jpg,320,180,https://i.ytimg.com/vi/MhNcWxUs-PQ/hqdefault.jpg,480,360,DeepMind,none,2020-07-09T14:28:55Z
0,youtube#searchResult,EKopjtk5SfEfdcb_9pigJ0mFW8Q,youtube#video,IvaKWqTK2lQ,2021-03-18T18:56:54Z,UCj09XsAWj-RF9kY4UvBJh_A,The Great Stagnation in ML,"Mark recently wrote a controversial and viral article: The Great Stagnation in Machine Learning, in which he posits that Machine Learning Researchers can now ...",https://i.ytimg.com/vi/IvaKWqTK2lQ/default.jpg,120,90,https://i.ytimg.com/vi/IvaKWqTK2lQ/mqdefault.jpg,320,180,https://i.ytimg.com/vi/IvaKWqTK2lQ/hqdefault.jpg,480,360,AICamp,none,2021-03-18T18:56:54Z
1,youtube#searchResult,ozpNzkDKgDXocRUhNJwRMX8MBCQ,youtube#video,QQ69vxF3LTI,2021-03-17T00:42:52Z,UCj09XsAWj-RF9kY4UvBJh_A,Practical Approaches for Efficient Hyperparameter Optimization,"Hyperparameters, the tuning knobs of machine learning algorithms, are instrumental for the generation of high-performing models. The tedious task of ...",https://i.ytimg.com/vi/QQ69vxF3LTI/default.jpg,120,90,https://i.ytimg.com/vi/QQ69vxF3LTI/mqdefault.jpg,320,180,https://i.ytimg.com/vi/QQ69vxF3LTI/hqdefault.jpg,480,360,AICamp,none,2021-03-17T00:42:52Z
2,youtube#searchResult,lt90PvNfR8ScsUgHpkO45CuGjZ4,youtube#video,oUcuilWWX78,2021-03-03T05:39:50Z,UCj09XsAWj-RF9kY4UvBJh_A,Monitoring ML Models in Production,What happens after you deploy a machine learning model? How do you make sure that your model performance doesnot degrade as data and the world change ...,https://i.ytimg.com/vi/oUcuilWWX78/default.jpg,120,90,https://i.ytimg.com/vi/oUcuilWWX78/mqdefault.jpg,320,180,https://i.ytimg.com/vi/oUcuilWWX78/hqdefault.jpg,480,360,AICamp,none,2021-03-03T05:39:50Z
3,youtube#searchResult,YWgft438y1IXAugDDvvd-lhkrGU,youtube#video,YZZllnomBIA,2021-02-26T20:15:18Z,UCj09XsAWj-RF9kY4UvBJh_A,"Feature Stores: Core Concepts, Practices and Workshop (with Feast and Kubeflow)",Feature stores have emerged as critical technologies in a modern ML stack. They aim to solve the full set of data management problems encountered when ...,https://i.ytimg.com/vi/YZZllnomBIA/default.jpg,120,90,https://i.ytimg.com/vi/YZZllnomBIA/mqdefault.jpg,320,180,https://i.ytimg.com/vi/YZZllnomBIA/hqdefault.jpg,480,360,AICamp,none,2021-02-26T20:15:18Z
4,youtube#searchResult,TycWrz11YGHyePHTrUeaB1prAEI,youtube#video,MlnMnl1BFBw,2021-02-25T20:44:39Z,UCj09XsAWj-RF9kY4UvBJh_A,Automating Model Monitoring and Drift Detection,"COVID-19 has completely altered human behavior - the way that we shop, research, consume and act - causing big shifts in patterns of data. These shifting ...",https://i.ytimg.com/vi/MlnMnl1BFBw/default.jpg,120,90,https://i.ytimg.com/vi/MlnMnl1BFBw/mqdefault.jpg,320,180,https://i.ytimg.com/vi/MlnMnl1BFBw/hqdefault.jpg,480,360,AICamp,none,2021-02-25T20:44:39Z
0,youtube#searchResult,Giv-gyF1AbdXPDFoH8DaC8iYpIo,youtube#video,aYYaDFXLF3c,2021-03-03T01:51:02Z,UCuGC1JusVvbOGa__qMtH3QA,"Transformers ü§ó to Rule Them All? Under the Hood of the AI Recruiter Chatbot ü§ñ, with Keisuke Inoue","Keisuke Inoue with Wade & Wendy presents ""Transformers to Rule Them All? Under the Hood of the AI Recruiter Chatbot "" at an online Natural Language ...",https://i.ytimg.com/vi/aYYaDFXLF3c/default.jpg,120,90,https://i.ytimg.com/vi/aYYaDFXLF3c/mqdefault.jpg,320,180,https://i.ytimg.com/vi/aYYaDFXLF3c/hqdefault.jpg,480,360,NLPxing,none,2021-03-03T01:51:02Z
1,youtube#searchResult,qRpmMEeRP-xYuuzLlqlTdlM3vwM,youtube#video,hJR9m3NYnwk,2021-02-11T22:10:58Z,UCuGC1JusVvbOGa__qMtH3QA,Emotion AI &amp; NLP plus Spark NLP&#39;s Python Natural Language Understanding Library,"Alya Yacoubi with Zaion presents on Emotion AI & NLP, and Christian Kasim Loan with John Snow Labs presents on NLP plus Spark NLP's Python Natural ...",https://i.ytimg.com/vi/hJR9m3NYnwk/default.jpg,120,90,https://i.ytimg.com/vi/hJR9m3NYnwk/mqdefault.jpg,320,180,https://i.ytimg.com/vi/hJR9m3NYnwk/hqdefault.jpg,480,360,NLPxing,none,2021-02-11T22:10:58Z
2,youtube#searchResult,hvQvjwKjnOMtbKgnkONyHAhVtl0,youtube#video,7vJpmtiL8-0,2021-01-28T21:16:48Z,UCuGC1JusVvbOGa__qMtH3QA,A Hybrid ML/NLP Pipeline for Identifying Prescription Drug Abuse from Twitter,"Isabel Metzger, Whitley Yi, and Trevor Mitchell present ""A Hybrid ML/NLP Pipeline for Identifying Prescription Drug Abuse from Twitter"" to an online meetup ...",https://i.ytimg.com/vi/7vJpmtiL8-0/default.jpg,120,90,https://i.ytimg.com/vi/7vJpmtiL8-0/mqdefault.jpg,320,180,https://i.ytimg.com/vi/7vJpmtiL8-0/hqdefault.jpg,480,360,NLPxing,none,2021-01-28T21:16:48Z
3,youtube#searchResult,IgWCrZ4pAftJhHRJaQYwIPylbXc,youtube#video,2EyNDWols-g,2020-12-16T20:11:54Z,UCuGC1JusVvbOGa__qMtH3QA,Accelerated Cloud NLP for COVID-19 Research Using ScispaCy and Dask,Aaron Richter from Saturn Cloud and Sujit Pal from Elsevier presented on Accelerated Cloud NLP for COVID-19 Research Using ScispaCy and Dask to an ...,https://i.ytimg.com/vi/2EyNDWols-g/default.jpg,120,90,https://i.ytimg.com/vi/2EyNDWols-g/mqdefault.jpg,320,180,https://i.ytimg.com/vi/2EyNDWols-g/hqdefault.jpg,480,360,NLPxing,none,2020-12-16T20:11:54Z
4,youtube#searchResult,g4vedOPclE-eOzGfiJDxDd-VQA0,youtube#video,ONXy3OWaU80,2020-10-23T14:04:40Z,UCuGC1JusVvbOGa__qMtH3QA,DeText: LinkedIn&#39;s Framework for Deep Natural Language Understanding,"LinkedIn natural language processing staff present ""DeText: A Framework for Deep Natural Language Understanding at LinkedIn"" to an online meetup program, ...",https://i.ytimg.com/vi/ONXy3OWaU80/default.jpg,120,90,https://i.ytimg.com/vi/ONXy3OWaU80/mqdefault.jpg,320,180,https://i.ytimg.com/vi/ONXy3OWaU80/hqdefault.jpg,480,360,NLPxing,none,2020-10-23T14:04:40Z
0,youtube#searchResult,X8dQ_4RrGI-KcZqnEU4a6T-0wCY,youtube#video,htdsPSgbLQo,2021-04-01T17:00:16Z,UCBp3w4DCEC64FZr4k9ROxig,The power of simulation and abstraction with Intel&#39;s Vladlen Koltun,"From legged locomotion to drones and autonomous driving, Vladlen explains how simulation and abstraction help us understand embodied intelligence.",https://i.ytimg.com/vi/htdsPSgbLQo/default.jpg,120,90,https://i.ytimg.com/vi/htdsPSgbLQo/mqdefault.jpg,320,180,https://i.ytimg.com/vi/htdsPSgbLQo/hqdefault.jpg,480,360,Weights & Biases,none,2021-04-01T17:00:16Z
1,youtube#searchResult,yN75UeeEOxSALbp_bmSKv_WVFe4,youtube#video,R13U0kMcYDQ,2021-03-31T13:16:15Z,UCBp3w4DCEC64FZr4k9ROxig,W&amp;B Deep Learning Salon - Reproducibility Challenge,"W&B's Deep Learning Salon, featuring talks and Q&As with researchers, practitioners, hackers, and more in the Deep Learning space. This salon features W&B ...",https://i.ytimg.com/vi/R13U0kMcYDQ/default.jpg,120,90,https://i.ytimg.com/vi/R13U0kMcYDQ/mqdefault.jpg,320,180,https://i.ytimg.com/vi/R13U0kMcYDQ/hqdefault.jpg,480,360,Weights & Biases,none,2021-03-31T13:16:15Z
2,youtube#searchResult,Jf0hQynAZjpQVYeqWBSNFsoqK8c,youtube#video,bCTtibplEg8,2021-03-25T17:00:13Z,UCBp3w4DCEC64FZr4k9ROxig,Building powerful and intuitive data visualization tools with Vega-Lite&#39;s Dominik Moritz,"Dominik shares the story and principles behind Vega and Vega-Lite, and explains how visualization and machine learning help each other. Dominik is a ...",https://i.ytimg.com/vi/bCTtibplEg8/default.jpg,120,90,https://i.ytimg.com/vi/bCTtibplEg8/mqdefault.jpg,320,180,https://i.ytimg.com/vi/bCTtibplEg8/hqdefault.jpg,480,360,Weights & Biases,none,2021-03-25T17:00:13Z
3,youtube#searchResult,oRu8rAwJpa9dkEvY_U7Z6tn6-4c,youtube#video,ta2hj9b9R-E,2021-03-18T17:00:15Z,UCBp3w4DCEC64FZr4k9ROxig,"Cade Metz, author of &quot;Genius Makers&quot;, on the rise of AI","How Cade got access to the stories behind some of the biggest advancements in AI, and the dynamic playing out between leaders at companies like Google, ...",https://i.ytimg.com/vi/ta2hj9b9R-E/default.jpg,120,90,https://i.ytimg.com/vi/ta2hj9b9R-E/mqdefault.jpg,320,180,https://i.ytimg.com/vi/ta2hj9b9R-E/hqdefault.jpg,480,360,Weights & Biases,none,2021-03-18T17:00:15Z
4,youtube#searchResult,XkRKGkpM9YltpSi00VgpVW7EVAk,youtube#video,dSL9ttDARe8,2021-03-11T18:00:12Z,UCBp3w4DCEC64FZr4k9ROxig,How AI is powering the next generation of security systems with Deep Sentinel&#39;s Dave Selinger,Learn why traditional home security systems tend to fail and how Dave's love of tinkering and deep learning are helping him and the team at Deep Sentinel ...,https://i.ytimg.com/vi/dSL9ttDARe8/default.jpg,120,90,https://i.ytimg.com/vi/dSL9ttDARe8/mqdefault.jpg,320,180,https://i.ytimg.com/vi/dSL9ttDARe8/hqdefault.jpg,480,360,Weights & Biases,none,2021-03-11T18:00:12Z
0,youtube#searchResult,z3WWD2xGuMlggiI93skDhj_1dv4,youtube#video,fiowAh3PTNE,2020-12-04T17:34:47Z,UCpwC9QC0lWaEJ85MoMRFvrA,Sindy L√∂we: Putting An End to End-to-End,"Abstract: Modern deep learning models are typically optimized using end-to-end backpropagation and a global, supervised loss function. Although empirically ...",https://i.ytimg.com/vi/fiowAh3PTNE/default.jpg,120,90,https://i.ytimg.com/vi/fiowAh3PTNE/mqdefault.jpg,320,180,https://i.ytimg.com/vi/fiowAh3PTNE/hqdefault.jpg,480,360,London Machine Learning Meetup,none,2020-12-04T17:34:47Z
1,youtube#searchResult,giKUnXa72bB8NNIqbLYTGCog7WI,youtube#video,jGBzCzJ0Uok,2020-10-12T09:54:16Z,UCpwC9QC0lWaEJ85MoMRFvrA,Brenden Lake | Compositional generalization in minds and machines,"Abstract: People learn in fast and flexible ways that elude the best artificial neural networks. Once a person learns how to ‚Äúdax,‚Äù they can effortlessly understand ...",https://i.ytimg.com/vi/jGBzCzJ0Uok/default.jpg,120,90,https://i.ytimg.com/vi/jGBzCzJ0Uok/mqdefault.jpg,320,180,https://i.ytimg.com/vi/jGBzCzJ0Uok/hqdefault.jpg,480,360,London Machine Learning Meetup,none,2020-10-12T09:54:16Z
2,youtube#searchResult,QrrcHLFxPLUPfYgXD7dC6qNeY9E,youtube#video,hNobMvnog3k,2020-08-14T08:10:13Z,UCpwC9QC0lWaEJ85MoMRFvrA,Nick Cheney -  Learning to Continually Learn,"Abstract: Continual lifelong learning requires an agent or model to learn many sequentially ordered tasks, building on previous knowledge without ...",https://i.ytimg.com/vi/hNobMvnog3k/default.jpg,120,90,https://i.ytimg.com/vi/hNobMvnog3k/mqdefault.jpg,320,180,https://i.ytimg.com/vi/hNobMvnog3k/hqdefault.jpg,480,360,London Machine Learning Meetup,none,2020-08-14T08:10:13Z
3,youtube#searchResult,OEGVrv_AesbwbZp6-2bHVGGDSgY,youtube#video,bXp8fk4MRXQ,2020-07-10T09:57:20Z,UCpwC9QC0lWaEJ85MoMRFvrA,Max Welling - Make VAEs Great Again: Unifying VAEs and Flows,"Abstract: VAEs and Flows are two of the most popular methods for density estimation. Well, actually GANs are more popular, but if we can show that VAEs and ...",https://i.ytimg.com/vi/bXp8fk4MRXQ/default.jpg,120,90,https://i.ytimg.com/vi/bXp8fk4MRXQ/mqdefault.jpg,320,180,https://i.ytimg.com/vi/bXp8fk4MRXQ/hqdefault.jpg,480,360,London Machine Learning Meetup,none,2020-07-10T09:57:20Z
4,youtube#searchResult,PV-n8cjBtGBn4XatoMMemdvGPaw,youtube#video,z0WbBA5pZgI,2020-07-08T13:18:59Z,UCpwC9QC0lWaEJ85MoMRFvrA,Sebastian Ruder: Cross-lingual Transfer Learning,"Abstract: Research in natural language processing (NLP) has seen striking advances in recent years, mainly driven by large pretrained language models.",https://i.ytimg.com/vi/z0WbBA5pZgI/default.jpg,120,90,https://i.ytimg.com/vi/z0WbBA5pZgI/mqdefault.jpg,320,180,https://i.ytimg.com/vi/z0WbBA5pZgI/hqdefault.jpg,480,360,London Machine Learning Meetup,none,2020-07-08T13:18:59Z
0,youtube#searchResult,BBqrdoWGB2p6PNpSO_1wxBsAWmI,youtube#video,M2-BE5JotjA,2021-04-07T12:38:57Z,UCZHmQk67mSJgfCCTn7xBfew,"PAIR AI Explorables | Is the problem in the data? Examples on Fairness, Diversity, and Bias.","In the recurring debate about bias in Machine Learning models, there is a growing argument saying that ""the problem is not in the data"", often citing the influence ...",https://i.ytimg.com/vi/M2-BE5JotjA/default.jpg,120,90,https://i.ytimg.com/vi/M2-BE5JotjA/mqdefault.jpg,320,180,https://i.ytimg.com/vi/M2-BE5JotjA/hqdefault.jpg,480,360,Yannic Kilcher,none,2021-04-07T12:38:57Z
1,youtube#searchResult,xjflNvNQiM0CAqoIJCADQ8z7yrg,youtube#video,rHQPBqMULXo,2021-03-30T14:09:13Z,UCZHmQk67mSJgfCCTn7xBfew,"Machine Learning PhD Survival Guide 2021 | Advice on Topic Selection, Papers, Conferences &amp; more!",machinelearning #phd #howto This video is advice for new PhD students in the field of Machine Learning in 2021 and after. The field has shifted dramatically in ...,https://i.ytimg.com/vi/rHQPBqMULXo/default.jpg,120,90,https://i.ytimg.com/vi/rHQPBqMULXo/mqdefault.jpg,320,180,https://i.ytimg.com/vi/rHQPBqMULXo/hqdefault.jpg,480,360,Yannic Kilcher,none,2021-03-30T14:09:13Z
2,youtube#searchResult,dQHIeNFr17A_KC4-wRMVlpA9mjg,youtube#video,J7CrtblmMnU,2021-03-23T15:59:17Z,UCZHmQk67mSJgfCCTn7xBfew,Is Google Translate Sexist? Gender Stereotypes in Statistical Machine Translation,genderbias #algorithmicfairness #debiasing A brief look into gender stereotypes in Google Translate. The origin is a Tweet containing a Hungarian text.,https://i.ytimg.com/vi/J7CrtblmMnU/default.jpg,120,90,https://i.ytimg.com/vi/J7CrtblmMnU/mqdefault.jpg,320,180,https://i.ytimg.com/vi/J7CrtblmMnU/hqdefault.jpg,480,360,Yannic Kilcher,none,2021-03-23T15:59:17Z
3,youtube#searchResult,Ju49XBLmk80Tv-XsI_fmRrILZrY,youtube#video,P_xeshTnPZg,2021-03-22T17:26:39Z,UCZHmQk67mSJgfCCTn7xBfew,Perceiver: General Perception with Iterative Attention (Google DeepMind Research Paper Explained),"perceiver #deepmind #transformer Inspired by the fact that biological creatures attend to multiple modalities at the same time, DeepMind releases its new ...",https://i.ytimg.com/vi/P_xeshTnPZg/default.jpg,120,90,https://i.ytimg.com/vi/P_xeshTnPZg/mqdefault.jpg,320,180,https://i.ytimg.com/vi/P_xeshTnPZg/hqdefault.jpg,480,360,Yannic Kilcher,none,2021-03-22T17:26:39Z
4,youtube#searchResult,dapov71i3s9gVVxnXbvZmR9fxrE,youtube#video,Elxn8rS88bI,2021-03-16T18:15:38Z,UCZHmQk67mSJgfCCTn7xBfew,Pretrained Transformers as Universal Computation Engines (Machine Learning Research Paper Explained),universalcomputation #pretrainedtransformers #finetuning Large-scale pre-training and subsequent fine-tuning is a common recipe for success with transformer ...,https://i.ytimg.com/vi/Elxn8rS88bI/default.jpg,120,90,https://i.ytimg.com/vi/Elxn8rS88bI/mqdefault.jpg,320,180,https://i.ytimg.com/vi/Elxn8rS88bI/hqdefault.jpg,480,360,Yannic Kilcher,none,2021-03-16T18:15:38Z
0,youtube#searchResult,dhpyBCjW2K2U-2-_lEAZqFYRQG4,youtube#video,jhopjN08lTM,2021-03-20T00:27:48Z,UCXvHuBMbgJw67i5vrMBBobA,ML Interpretability: SHAP/LIME,"First in our series on ML interpretability and going through Christoph Molnar's interpretability book. When we're applying machine learning models, we often ...",https://i.ytimg.com/vi/jhopjN08lTM/default.jpg,120,90,https://i.ytimg.com/vi/jhopjN08lTM/mqdefault.jpg,320,180,https://i.ytimg.com/vi/jhopjN08lTM/hqdefault.jpg,480,360,Machine Learning Dojo with Tim Scarfe,none,2021-03-20T00:27:48Z
1,youtube#searchResult,yllcqkmukPE6ekdsilXZ7my1UKE,youtube#video,VvRz885Un1Q,2021-03-16T13:12:32Z,UCXvHuBMbgJw67i5vrMBBobA,Does Francois Chollet think that Deep RL is &quot;intelligent&quot;?,"Does Francois Chollet think that Deep RL is ""intelligent""? On the Measure of Intelligence, Fran√ßois Chollet '19 https://arxiv.org/abs/1911.01547 Universal ...",https://i.ytimg.com/vi/VvRz885Un1Q/default.jpg,120,90,https://i.ytimg.com/vi/VvRz885Un1Q/mqdefault.jpg,320,180,https://i.ytimg.com/vi/VvRz885Un1Q/hqdefault.jpg,480,360,Machine Learning Dojo with Tim Scarfe,none,2021-03-16T13:12:32Z
2,youtube#searchResult,c6zrqsgjRfSqMxtJBhF1j4csAY4,youtube#video,C3Mq-3MQ6SU,2021-03-11T10:00:49Z,UCXvHuBMbgJw67i5vrMBBobA,Deep RL Doesn&#39;t Work Yet!,Deep reinforcement learning is surrounded by mountains and mountains of hype. And for good reasons! Reinforcement learning is an incredibly general ...,https://i.ytimg.com/vi/C3Mq-3MQ6SU/default.jpg,120,90,https://i.ytimg.com/vi/C3Mq-3MQ6SU/mqdefault.jpg,320,180,https://i.ytimg.com/vi/C3Mq-3MQ6SU/hqdefault.jpg,480,360,Machine Learning Dojo with Tim Scarfe,none,2021-03-11T10:00:49Z
3,youtube#searchResult,G6xQnKFGETLo-WRYFbMnNuN_Duo,youtube#video,4NjqR2vCV_k,2021-02-15T16:16:43Z,UCXvHuBMbgJw67i5vrMBBobA,Virtual Greenscreen Software (DL/Python),I have been working on some software called rembg-greenscreen to remove backgrounds from videos using a command line. I think this is the first piece of ...,https://i.ytimg.com/vi/4NjqR2vCV_k/default.jpg,120,90,https://i.ytimg.com/vi/4NjqR2vCV_k/mqdefault.jpg,320,180,https://i.ytimg.com/vi/4NjqR2vCV_k/hqdefault.jpg,480,360,Machine Learning Dojo with Tim Scarfe,none,2021-02-15T16:16:43Z
4,youtube#searchResult,f_fJMptssjK9dywCk8pyz0QW5gE,youtube#video,GpWLZUbPhr0,2020-06-16T01:13:07Z,UCXvHuBMbgJw67i5vrMBBobA,Francois Chollet: What is the future of artificial intelligence?,00:00:00 What is intelligence / Limits of DL 00:03:12 Chollets Twitter 00:04:13 Deep Learning with Python Book 00:04:52 Limits of deep learning 00:10:26 ...,https://i.ytimg.com/vi/GpWLZUbPhr0/default.jpg,120,90,https://i.ytimg.com/vi/GpWLZUbPhr0/mqdefault.jpg,320,180,https://i.ytimg.com/vi/GpWLZUbPhr0/hqdefault.jpg,480,360,Machine Learning Dojo with Tim Scarfe,none,2020-06-16T01:13:07Z
0,youtube#searchResult,Pbnf0wBmDOgXhRfABsLOX-jCGUI,youtube#video,sSiD2ap-bUw,2021-04-07T19:43:46Z,UCG6qpjVnBTTT8wLGBygANOQ,Start-ups vs Enterprise OSS Strategy in Machine Learning Tooling // MLOps Clips with Sarah Catanzaro,"Coffee Sessions #33 with Sarah Catanzaro of Amplify Partners, MLOps Investments. //Bio Sarah Catanzaro is a Partner at Amplify Partners, where she focuses ...",https://i.ytimg.com/vi/sSiD2ap-bUw/default.jpg,120,90,https://i.ytimg.com/vi/sSiD2ap-bUw/mqdefault.jpg,320,180,https://i.ytimg.com/vi/sSiD2ap-bUw/hqdefault.jpg,480,360,MLOps.community,none,2021-04-07T19:43:46Z
1,youtube#searchResult,kkfFZEjTyzrVzZYQEVr-b3ZcquE,youtube#video,twvHm8Fa5jk,2021-04-06T09:22:00Z,UCG6qpjVnBTTT8wLGBygANOQ,MLOps Investments // Sarah Catanzaro // Coffee Session #33,"Coffee Sessions #33 with Sarah Catanzaro of Amplify Partners, MLOps Investments. //Bio Sarah Catanzaro is a Partner at Amplify Partners, where she focuses ...",https://i.ytimg.com/vi/twvHm8Fa5jk/default.jpg,120,90,https://i.ytimg.com/vi/twvHm8Fa5jk/mqdefault.jpg,320,180,https://i.ytimg.com/vi/twvHm8Fa5jk/hqdefault.jpg,480,360,MLOps.community,none,2021-04-06T09:22:00Z
2,youtube#searchResult,EtCQzHyLjggDQ-guVnOsIqe7aK4,youtube#video,7HJ5x-DglLE,2021-04-04T14:50:25Z,UCG6qpjVnBTTT8wLGBygANOQ,Model Watching: Keeping Your Project in Production // Ben Wilson // MLOps Meetup #58,"MLOps community meetup #58! Last Wednesday we talked to Ben Wilson, Practice Lead Resident Solutions Architect, Databricks. Model Monitoring Deep Dive ...",https://i.ytimg.com/vi/7HJ5x-DglLE/default.jpg,120,90,https://i.ytimg.com/vi/7HJ5x-DglLE/mqdefault.jpg,320,180,https://i.ytimg.com/vi/7HJ5x-DglLE/hqdefault.jpg,480,360,MLOps.community,none,2021-04-04T14:50:25Z
3,youtube#searchResult,C-wuDF1TKlKRPT4MW5QjunnvQ6A,youtube#video,16EnaNnHzOU,2021-03-26T17:09:39Z,UCG6qpjVnBTTT8wLGBygANOQ,A Missing Link in the ML Infrastructure Stack // Josh Tobin // MLOps Meetup #57,"MLOps community meetup #57! Last Wednesday we talked to Josh Tobin, Founder, Stealth-Stage Startup. //Abstract: Machine learning is quickly becoming a ...",https://i.ytimg.com/vi/16EnaNnHzOU/default.jpg,120,90,https://i.ytimg.com/vi/16EnaNnHzOU/mqdefault.jpg,320,180,https://i.ytimg.com/vi/16EnaNnHzOU/hqdefault.jpg,480,360,MLOps.community,none,2021-03-26T17:09:39Z
4,youtube#searchResult,O2jK1_CnSZNpqTd1w7WLpG-c9A0,youtube#video,NVYTIfqmKFI,2021-03-23T11:27:57Z,UCG6qpjVnBTTT8wLGBygANOQ,Build by small pieces // Igor Lushchyk // Meetup #55 clip1,Quick clip from our last meetup with Igor Lushchyk Data Engineer of Adyen. talking about the tips he can pass on. Don't use huge frameworks when you don't ...,https://i.ytimg.com/vi/NVYTIfqmKFI/default.jpg,120,90,https://i.ytimg.com/vi/NVYTIfqmKFI/mqdefault.jpg,320,180,https://i.ytimg.com/vi/NVYTIfqmKFI/hqdefault.jpg,480,360,MLOps.community,none,2021-03-23T11:27:57Z
0,youtube#searchResult,6zHCj59X5qAMHpdEIqRZZp9ioY4,youtube#video,uqR2MjucNw4,2021-04-06T22:35:42Z,UC9iWqvsWjhowkHWVJquHwkg,tinyML Summit 2021 Awards Finalists Presentations,"tinyML Summit 2021 https://www.tinyml.org/event/summit-2021 Awards Finalist Presentations Moderator: Wei XIONG, , Fran√ßois de ROCHEBOU√ãT, Founder ...",https://i.ytimg.com/vi/uqR2MjucNw4/default.jpg,120,90,https://i.ytimg.com/vi/uqR2MjucNw4/mqdefault.jpg,320,180,https://i.ytimg.com/vi/uqR2MjucNw4/hqdefault.jpg,480,360,tinyML,none,2021-04-06T22:35:42Z
1,youtube#searchResult,ZJSVmbT8gwhDGY_wu7gYZFsolcI,youtube#video,u1C-ZesHCII,2021-04-06T21:52:14Z,UC9iWqvsWjhowkHWVJquHwkg,tinyMLSummit2021 Qualcomm Tutorial: Advanced network quantization and compression through the AIMET,tinyml Summit 2021 https://www.tinyml.org/event/summit-2021 Tutorial: Advanced network quantization and compression through the AI Model Efficiency Toolkit ...,https://i.ytimg.com/vi/u1C-ZesHCII/default.jpg,120,90,https://i.ytimg.com/vi/u1C-ZesHCII/mqdefault.jpg,320,180,https://i.ytimg.com/vi/u1C-ZesHCII/hqdefault.jpg,480,360,tinyML,none,2021-04-06T21:52:14Z
2,youtube#searchResult,sbhL85Z9wvvsPhgmCaJlSFLMJWY,youtube#video,bonLeCxw0GU,2021-04-06T21:14:25Z,UC9iWqvsWjhowkHWVJquHwkg,tinyML Summit 2021 Tutorial: Build Industrial-Grade tinyML applications with Edge Impulse!,"tinyML Summit 2021 https://www.tinyml.org/event/summit-2021 Tutorial: Build Industrial-Grade tinyML applications with Edge Impulse! In this free live workshop, ...",https://i.ytimg.com/vi/bonLeCxw0GU/default.jpg,120,90,https://i.ytimg.com/vi/bonLeCxw0GU/mqdefault.jpg,320,180,https://i.ytimg.com/vi/bonLeCxw0GU/hqdefault.jpg,480,360,tinyML,none,2021-04-06T21:14:25Z
3,youtube#searchResult,-UHsY5DraIu-EpJH-b_Z9ih7RnA,youtube#video,lUDBugfms3M,2021-04-06T20:02:43Z,UC9iWqvsWjhowkHWVJquHwkg,tinyML Summit 2021 Song Chen Tutorial: Image sensors for low power applications,tinyML Summit 2021 https://www.tinyml.org/event/summit-2021 Song Chen - Facebook Tutorial: Image sensors for low power applications Image sensors are the ...,https://i.ytimg.com/vi/lUDBugfms3M/default.jpg,120,90,https://i.ytimg.com/vi/lUDBugfms3M/mqdefault.jpg,320,180,https://i.ytimg.com/vi/lUDBugfms3M/hqdefault.jpg,480,360,tinyML,none,2021-04-06T20:02:43Z
4,youtube#searchResult,PFhS2a0D-j6uW97q9Hyo97zDHdc,youtube#video,vKRdQHO7tIY,2021-04-05T20:48:42Z,UC9iWqvsWjhowkHWVJquHwkg,tinyML Summit 2021 Pete Warden Tutorial: Building a Magic Wand,"Tutorial: Building a Magic Wand Pete Warden - Google This tutorial will show how to gather data, train, and deploy an IMU-based model for recognizing gestures ...",https://i.ytimg.com/vi/vKRdQHO7tIY/default.jpg,120,90,https://i.ytimg.com/vi/vKRdQHO7tIY/mqdefault.jpg,320,180,https://i.ytimg.com/vi/vKRdQHO7tIY/hqdefault.jpg,480,360,tinyML,none,2021-04-05T20:48:42Z
0,youtube#searchResult,OrgPzFnRTGmwHnbOyiAL560kWQY,youtube#video,LuPcDGY3dPI,2021-01-06T12:44:49Z,UChr1xW6wSq4sxUgAlgv9PZQ,Diabetes Predicition for ICU Patients - WiDS Datathon 2021,This video contains baseline notebook walkthrough of WiDS Datathon 2021 challenge.,https://i.ytimg.com/vi/LuPcDGY3dPI/default.jpg,120,90,https://i.ytimg.com/vi/LuPcDGY3dPI/mqdefault.jpg,320,180,https://i.ytimg.com/vi/LuPcDGY3dPI/hqdefault.jpg,480,360,usha rengaraju,none,2021-01-06T12:44:49Z
1,youtube#searchResult,wbEKWUunQ5IO56lQCSMJySIrbQU,youtube#video,4e5bMzUAbDs,2021-01-06T11:36:41Z,UChr1xW6wSq4sxUgAlgv9PZQ,Getting Started with Kaggle - WiDS 2021 Datathon,This video contains an introduction on how to get started with Kaggle and how to navigate WiDS Datathon 2021 competition page.,https://i.ytimg.com/vi/4e5bMzUAbDs/default.jpg,120,90,https://i.ytimg.com/vi/4e5bMzUAbDs/mqdefault.jpg,320,180,https://i.ytimg.com/vi/4e5bMzUAbDs/hqdefault.jpg,480,360,usha rengaraju,none,2021-01-06T11:36:41Z
2,youtube#searchResult,MaXJY2Y3Q2_jN_pvcE89BqgU3oE,youtube#video,NmH-N7IhQjs,2020-12-20T01:50:25Z,UChr1xW6wSq4sxUgAlgv9PZQ,Neurodiversity India Summit,Neurodiversity India Summit.,https://i.ytimg.com/vi/NmH-N7IhQjs/default.jpg,120,90,https://i.ytimg.com/vi/NmH-N7IhQjs/mqdefault.jpg,320,180,https://i.ytimg.com/vi/NmH-N7IhQjs/hqdefault.jpg,480,360,usha rengaraju,none,2020-12-20T01:50:25Z
3,youtube#searchResult,vLmp0E6HLI7cQAeqtQplEsBfQ90,youtube#video,RzgFtJQnNtc,2020-12-19T01:53:28Z,UChr1xW6wSq4sxUgAlgv9PZQ,NeurIPS India Meetup,NeurIPS India Meetup.,https://i.ytimg.com/vi/RzgFtJQnNtc/default.jpg,120,90,https://i.ytimg.com/vi/RzgFtJQnNtc/mqdefault.jpg,320,180,https://i.ytimg.com/vi/RzgFtJQnNtc/hqdefault.jpg,480,360,usha rengaraju,none,2020-12-19T01:53:28Z
4,youtube#searchResult,iNWedbyU7EyGSggnUgLOG_jHTo0,youtube#video,_xZGEJoWw9E,2020-12-18T12:15:05Z,UChr1xW6wSq4sxUgAlgv9PZQ,Understanding Neurodiversity by Vinay Kumar,,https://i.ytimg.com/vi/_xZGEJoWw9E/default.jpg,120,90,https://i.ytimg.com/vi/_xZGEJoWw9E/mqdefault.jpg,320,180,https://i.ytimg.com/vi/_xZGEJoWw9E/hqdefault.jpg,480,360,usha rengaraju,none,2020-12-18T12:15:05Z
0,youtube#searchResult,IZO5Qa_04xTId3HRXOPC1fqkxik,youtube#video,Qr7d01uz8YM,2020-12-02T00:55:36Z,UCIpPdErVmb3sfCT6S8U3BwA,Bias in AI | An overview of algorithmic bias in artificial intelligence,"Welcome to the ""Bias in AI"" virtual workshop, hosted by A.I. For Anyone and Black Girls Code! Subscribe to our YouTube channel and like this video for more ...",https://i.ytimg.com/vi/Qr7d01uz8YM/default.jpg,120,90,https://i.ytimg.com/vi/Qr7d01uz8YM/mqdefault.jpg,320,180,https://i.ytimg.com/vi/Qr7d01uz8YM/hqdefault.jpg,480,360,A.I. For Anyone,none,2020-12-02T00:55:36Z
1,youtube#searchResult,4HlpMxEqnh6h03iqnc8_1UBbg9o,youtube#video,irDyViopnGs,2020-10-16T19:47:06Z,UCIpPdErVmb3sfCT6S8U3BwA,What Is AI? (And Why Is It So Important?),"Hey friends, in this video I'll give you a brief overview of what AI is, how it works, some different types of AI, and some of the benefits/risks that the technology ...",https://i.ytimg.com/vi/irDyViopnGs/default.jpg,120,90,https://i.ytimg.com/vi/irDyViopnGs/mqdefault.jpg,320,180,https://i.ytimg.com/vi/irDyViopnGs/hqdefault.jpg,480,360,A.I. For Anyone,none,2020-10-16T19:47:06Z
2,youtube#searchResult,YhJUR1N-E8-JdT2cMePFZLR88Yc,youtube#video,W1A2UnzB6g4,2020-08-19T23:58:33Z,UCIpPdErVmb3sfCT6S8U3BwA,Jobs in AI &amp; Data Science | An overview of jobs in artificial intelligence and data science,"Welcome to the ""Jobs in AI & Data Science"" virtual workshop, hosted by A.I. For Anyone and Correlation One! Subscribe to our YouTube channel and like this ...",https://i.ytimg.com/vi/W1A2UnzB6g4/default.jpg,120,90,https://i.ytimg.com/vi/W1A2UnzB6g4/mqdefault.jpg,320,180,https://i.ytimg.com/vi/W1A2UnzB6g4/hqdefault.jpg,480,360,A.I. For Anyone,none,2020-08-19T23:58:33Z
3,youtube#searchResult,kTfZyie6ds1eh29yLjcz360FFEw,youtube#video,kUGeRHzQgJc,2020-06-04T00:08:02Z,UCIpPdErVmb3sfCT6S8U3BwA,AI In Healthcare 101 | How AI Is Being Used In The Healthcare Industry,"Welcome to the ""AI In Healthcare"" virtual workshop, hosted by A.I. For Anyone and Komodo Health! Subscribe to our YouTube channel and like this video for ...",https://i.ytimg.com/vi/kUGeRHzQgJc/default.jpg,120,90,https://i.ytimg.com/vi/kUGeRHzQgJc/mqdefault.jpg,320,180,https://i.ytimg.com/vi/kUGeRHzQgJc/hqdefault.jpg,480,360,A.I. For Anyone,none,2020-06-04T00:08:02Z
4,youtube#searchResult,jqflc9CfJBaB4gcWBT95rcvyjOk,youtube#video,J8isqIBTvYw,2020-04-16T00:03:12Z,UCIpPdErVmb3sfCT6S8U3BwA,Learn AI In 60 Minutes | An introduction to artificial intelligence for students and educators,"Welcome to the ""Learn AI In 60 Minutes"" virtual workshop, hosted by A.I. For Anyone and Mark Cuban Companies! Subscribe to our YouTube channel and like ...",https://i.ytimg.com/vi/J8isqIBTvYw/default.jpg,120,90,https://i.ytimg.com/vi/J8isqIBTvYw/mqdefault.jpg,320,180,https://i.ytimg.com/vi/J8isqIBTvYw/hqdefault.jpg,480,360,A.I. For Anyone,none,2020-04-16T00:03:12Z
0,youtube#searchResult,JvPimDsfhBCYXT9rlIxguMUM-S8,youtube#video,fDadH-rnPR4,2021-02-26T23:33:03Z,UCrxw8iiyFalKHFNAhZYCAYA,Collaboration Spotlight: BoomBox,"See footage from Dr. Meredith Palmer and Freaklabs' BoomBox project, an innovative camera trap setup with automated audio cues, used to research predator ...",https://i.ytimg.com/vi/fDadH-rnPR4/default.jpg,120,90,https://i.ytimg.com/vi/fDadH-rnPR4/mqdefault.jpg,320,180,https://i.ytimg.com/vi/fDadH-rnPR4/hqdefault.jpg,480,360,WILDLABS.NET,none,2021-02-26T23:33:03Z
1,youtube#searchResult,k8_wIcEwFGMzwXmYmFkP5FCSP1E,youtube#video,ZRS04THqTsA,2021-02-19T08:57:32Z,UCrxw8iiyFalKHFNAhZYCAYA,Elizabeth Bondi: How do I strategically allocate drones for conservation?,Meet your Tutor: Elizabeth Bondi Elizabeth is a PhD candidate in Computer Science at Harvard University. Her research interests include computer vision and ...,https://i.ytimg.com/vi/ZRS04THqTsA/default.jpg,120,90,https://i.ytimg.com/vi/ZRS04THqTsA/mqdefault.jpg,320,180,https://i.ytimg.com/vi/ZRS04THqTsA/hqdefault.jpg,480,360,WILDLABS.NET,none,2021-02-19T08:57:32Z
2,youtube#searchResult,PqMzpZEpff-WNRP4GNKXETHwJtg,youtube#video,qyLsEUAoDDg,2021-02-16T11:55:17Z,UCrxw8iiyFalKHFNAhZYCAYA,Build Your Own Data Logger: Module 4.1: Safety Checks and Diagnostics,"Build Your Own Data Logger Virtual Course Module 4.1: Safety Checks and Diagnostics In Module 4, we tie together everything we've learned so far into a ...",https://i.ytimg.com/vi/qyLsEUAoDDg/default.jpg,120,90,https://i.ytimg.com/vi/qyLsEUAoDDg/mqdefault.jpg,320,180,https://i.ytimg.com/vi/qyLsEUAoDDg/hqdefault.jpg,480,360,WILDLABS.NET,none,2021-02-16T11:55:17Z
3,youtube#searchResult,gQ07JgauBDF_EsJ9mOrg5RXdpq4,youtube#video,C6JJR7PVNbQ,2021-02-12T11:08:41Z,UCrxw8iiyFalKHFNAhZYCAYA,Sean Sturley: How do I get started with LoRa? Connectivity in conservation,"Meet your Tutor: Sean Sturley Sean is the Programme lead for Cyber Security at the University of the West of Scotland, where he spends most of his time ...",https://i.ytimg.com/vi/C6JJR7PVNbQ/default.jpg,120,90,https://i.ytimg.com/vi/C6JJR7PVNbQ/mqdefault.jpg,320,180,https://i.ytimg.com/vi/C6JJR7PVNbQ/hqdefault.jpg,480,360,WILDLABS.NET,none,2021-02-12T11:08:41Z
4,youtube#searchResult,Z8LBmc6pUfNOeK5GlxJwr0pVZio,youtube#video,A6eA2DfZe_Y,2021-02-11T23:11:55Z,UCrxw8iiyFalKHFNAhZYCAYA,Build Your Own Data Logger: Module 4: Tying It All Together,"Build Your Own Data Logger Virtual Course Module 4: Tying It All Together In Module 4, we tie together everything we've learned so far into a functional ...",https://i.ytimg.com/vi/A6eA2DfZe_Y/default.jpg,120,90,https://i.ytimg.com/vi/A6eA2DfZe_Y/mqdefault.jpg,320,180,https://i.ytimg.com/vi/A6eA2DfZe_Y/hqdefault.jpg,480,360,WILDLABS.NET,none,2021-02-11T23:11:55Z
0,youtube#searchResult,WKu88inYD-RIJLjkdHtViQLDobc,youtube#video,bFahxVX9Ka0,2021-04-07T15:45:01Z,UC8ofcOdHNINiPrBA9D59Vaw,"Table Detection in Document Images such as Invoices, Bank Statements using Python","In this video, I'll show you how you can automatically detect tables from images containing invoices, bills, bank statements using CascadeTabNet models, ...",https://i.ytimg.com/vi/bFahxVX9Ka0/default.jpg,120,90,https://i.ytimg.com/vi/bFahxVX9Ka0/mqdefault.jpg,320,180,https://i.ytimg.com/vi/bFahxVX9Ka0/hqdefault.jpg,480,360,Bhavesh Bhatt,none,2021-04-07T15:45:01Z
1,youtube#searchResult,NZ13kTq11eXZWYv_Riydr9o850c,youtube#video,LyKzKvjyIPo,2021-04-03T07:00:13Z,UC8ofcOdHNINiPrBA9D59Vaw,Create Regression models automatically using TuringBot,"In this video, I'll show you how you can use TuringBot to create accurate interpretable regression models. TuringBot implements a technique called symbolic ...",https://i.ytimg.com/vi/LyKzKvjyIPo/default.jpg,120,90,https://i.ytimg.com/vi/LyKzKvjyIPo/mqdefault.jpg,320,180,https://i.ytimg.com/vi/LyKzKvjyIPo/hqdefault.jpg,480,360,Bhavesh Bhatt,none,2021-04-03T07:00:13Z
2,youtube#searchResult,X7CVcc_6PjwOKnKCOieTnZpMklo,youtube#video,XVP3KaKbb7Y,2021-04-02T13:00:10Z,UC8ofcOdHNINiPrBA9D59Vaw,Bitcoin Tracking with 20 lines of Python code | Python Bitcoin Tutorial,"In this video, I will show you how you can track prices of cryptocurrencies like Bitcoin, Ethereum, Dogecoin and more using Python and Streamlit library. Link to ...",https://i.ytimg.com/vi/XVP3KaKbb7Y/default.jpg,120,90,https://i.ytimg.com/vi/XVP3KaKbb7Y/mqdefault.jpg,320,180,https://i.ytimg.com/vi/XVP3KaKbb7Y/hqdefault.jpg,480,360,Bhavesh Bhatt,none,2021-04-02T13:00:10Z
3,youtube#searchResult,IKnPLDgiiMaB2ZAl61Ozr_Lqmjg,youtube#video,MclFnA00jkY,2021-04-01T11:30:02Z,UC8ofcOdHNINiPrBA9D59Vaw,Question Answering on Tabular Data with HuggingFace Transformers Pipeline &amp; TAPAS,"In this video, I'll show you how you can use HuggingFace's Transformers pipeline : table-question-answering. You can use this for answering questions related ...",https://i.ytimg.com/vi/MclFnA00jkY/default.jpg,120,90,https://i.ytimg.com/vi/MclFnA00jkY/mqdefault.jpg,320,180,https://i.ytimg.com/vi/MclFnA00jkY/hqdefault.jpg,480,360,Bhavesh Bhatt,none,2021-04-01T11:30:02Z
4,youtube#searchResult,8f-w9K5bnviCGgC7bVqTPfsVlWk,youtube#video,gpyl4N6Txo8,2021-03-30T14:30:08Z,UC8ofcOdHNINiPrBA9D59Vaw,Sentiment Analysis with HuggingFace Transformers Pipeline | 5 Lines of Python code,"In this video, I'll show you how you can perform Sentiment Analysis with Hugging Face Transformers Pipeline with 5 lines of code in Python. Link to the notebook ...",https://i.ytimg.com/vi/gpyl4N6Txo8/default.jpg,120,90,https://i.ytimg.com/vi/gpyl4N6Txo8/mqdefault.jpg,320,180,https://i.ytimg.com/vi/gpyl4N6Txo8/hqdefault.jpg,480,360,Bhavesh Bhatt,none,2021-03-30T14:30:08Z
0,youtube#searchResult,puDi3U0f83V93aScsiwOLhjULNw,youtube#video,D3YeQcE9tSg,2021-04-05T18:08:37Z,UCVchfoB65aVtQiDITbGq2LQ,Lab 8: Testing and Continuous Integration (Full Stack Deep Learning - Spring 2021),,https://i.ytimg.com/vi/D3YeQcE9tSg/default.jpg,120,90,https://i.ytimg.com/vi/D3YeQcE9tSg/mqdefault.jpg,320,180,https://i.ytimg.com/vi/D3YeQcE9tSg/hqdefault.jpg,480,360,Full Stack Deep Learning,none,2021-04-05T18:08:37Z
1,youtube#searchResult,uInQlT7erZUcX69oCOrp1gOiwKU,youtube#video,SQLm9U0L0zM,2021-04-05T15:46:18Z,UCVchfoB65aVtQiDITbGq2LQ,Lab 7: Paragraph Recognition (Full Stack Deep Learning - Spring 2021),"In this lab, we will do several things: - Move from training on synthetic line data to training on real data -- the `IAMLines` data module - Move from training on line ...",https://i.ytimg.com/vi/SQLm9U0L0zM/default.jpg,120,90,https://i.ytimg.com/vi/SQLm9U0L0zM/mqdefault.jpg,320,180,https://i.ytimg.com/vi/SQLm9U0L0zM/hqdefault.jpg,480,360,Full Stack Deep Learning,none,2021-04-05T15:46:18Z
2,youtube#searchResult,QO87F9_DBeuqrr5WllpjWwqVDg8,youtube#video,K42wdqpZymw,2021-04-05T15:46:22Z,UCVchfoB65aVtQiDITbGq2LQ,Lecture 10: ML Testing &amp; Explainability (Full Stack Deep Learning - Spring 2021),"In this lecture, you will expose to concepts and methods to help you, your teams, and your users: (1) understand at a deeper level how well your model is ...",https://i.ytimg.com/vi/K42wdqpZymw/default.jpg,120,90,https://i.ytimg.com/vi/K42wdqpZymw/mqdefault.jpg,320,180,https://i.ytimg.com/vi/K42wdqpZymw/hqdefault.jpg,480,360,Full Stack Deep Learning,none,2021-04-05T15:46:22Z
3,youtube#searchResult,e0jnCImHuFSRdM6I828UQD4oCwo,youtube#video,AoYD4eB3Vo4,2021-03-29T15:10:02Z,UCVchfoB65aVtQiDITbGq2LQ,Lecture 9: Ethics (Full Stack Deep Learning - Spring 2021),"In this lecture, we will discuss the tantalizing field of AI ethics. 00:00 - Introduction 02:32 - What Is Ethics? 10:44 - Long-Term Ethical Problems in AI 18:51 - Hiring ...",https://i.ytimg.com/vi/AoYD4eB3Vo4/default.jpg,120,90,https://i.ytimg.com/vi/AoYD4eB3Vo4/mqdefault.jpg,320,180,https://i.ytimg.com/vi/AoYD4eB3Vo4/hqdefault.jpg,480,360,Full Stack Deep Learning,none,2021-03-29T15:10:02Z
4,youtube#searchResult,EkMgUnXxp_nMYaJjWieaJPE13e8,youtube#video,iFvk9cGbIZ4,2021-03-23T01:26:29Z,UCVchfoB65aVtQiDITbGq2LQ,Lab 6: Data Labeling (Full Stack Deep Learning - Spring 2021),In this lab we will annotate some handwriting samples that we collected using the open-source tool Label Studio.,https://i.ytimg.com/vi/iFvk9cGbIZ4/default.jpg,120,90,https://i.ytimg.com/vi/iFvk9cGbIZ4/mqdefault.jpg,320,180,https://i.ytimg.com/vi/iFvk9cGbIZ4/hqdefault.jpg,480,360,Full Stack Deep Learning,none,2021-03-23T01:26:29Z
0,youtube#searchResult,Mb6uPFeF7i1ixf35fQc4jEifbzo,youtube#video,UFS3FxsfIYA,2021-03-06T14:18:16Z,UCmKoQOD8uBqsRS8XDdSgrlQ,"fastai Splitters, the Layer Groups, and how that relates to Transfer Learning","In this stream/video we'll be diving deeper into fastai's model splitters, what's happening internally, and how you can set it up for your model Today's Notebook: ...",https://i.ytimg.com/vi/UFS3FxsfIYA/default.jpg,120,90,https://i.ytimg.com/vi/UFS3FxsfIYA/mqdefault.jpg,320,180,https://i.ytimg.com/vi/UFS3FxsfIYA/hqdefault.jpg,480,360,Zachary Mueller,none,2021-03-06T14:18:16Z
1,youtube#searchResult,nL3RJZl-_2Hc8Im8f-sCFsSgAVo,youtube#video,6HNA90qLu4A,2021-02-27T13:35:09Z,UCmKoQOD8uBqsRS8XDdSgrlQ,Loss Functions and fastai,"Looking at writing fastai loss functions, their classes, and debugging common issues including: - What is the Flatten layer? - Why a TensorBase? - Why do I get x ...",https://i.ytimg.com/vi/6HNA90qLu4A/default.jpg,120,90,https://i.ytimg.com/vi/6HNA90qLu4A/mqdefault.jpg,320,180,https://i.ytimg.com/vi/6HNA90qLu4A/hqdefault.jpg,480,360,Zachary Mueller,none,2021-02-27T13:35:09Z
2,youtube#searchResult,qtgTt5KXfYuExIGPL0C5yrvxISo,youtube#video,DIYWATB4B0I,2021-02-20T02:26:51Z,UCmKoQOD8uBqsRS8XDdSgrlQ,Exploring fastai&#39;s Callback system,We're going to look at fastai's Callback system and see just what you can do with its event triggers The notebooks for this video are available here: ...,https://i.ytimg.com/vi/DIYWATB4B0I/default.jpg,120,90,https://i.ytimg.com/vi/DIYWATB4B0I/mqdefault.jpg,320,180,https://i.ytimg.com/vi/DIYWATB4B0I/hqdefault.jpg,480,360,Zachary Mueller,none,2021-02-20T02:26:51Z
3,youtube#searchResult,-XSfgMDs6aCwbFOFuk-ufQ91SJs,youtube#video,uwmwWGJfA84,2020-11-04T16:34:33Z,UCmKoQOD8uBqsRS8XDdSgrlQ,fastai study group,,https://i.ytimg.com/vi/uwmwWGJfA84/default.jpg,120,90,https://i.ytimg.com/vi/uwmwWGJfA84/mqdefault.jpg,320,180,https://i.ytimg.com/vi/uwmwWGJfA84/hqdefault.jpg,480,360,Zachary Mueller,none,2020-11-04T16:34:33Z
4,youtube#searchResult,Q4if2x32AQNoZJvvW3K3Y66By0A,youtube#video,U31ewQdmkJs,2020-11-04T16:31:33Z,UCmKoQOD8uBqsRS8XDdSgrlQ,Loss functions and encodes,,https://i.ytimg.com/vi/U31ewQdmkJs/default.jpg,120,90,https://i.ytimg.com/vi/U31ewQdmkJs/mqdefault.jpg,320,180,https://i.ytimg.com/vi/U31ewQdmkJs/hqdefault.jpg,480,360,Zachary Mueller,none,2020-11-04T16:31:33Z
0,youtube#searchResult,zZeLc8AOGAdPjPv-cj5uwhJUPv8,youtube#video,xvhOZLMaquY,2021-03-25T18:08:42Z,UCcIXc5mJsHVYTZR1maL5l9w,AI+X: AI Innovation in Healthcare,Welcome to AI + X:AI Innovation in Healthcare hosted by Workera and DeepLearning.AI. Hear panelists discuss why AI+Healthcare projects are imperative to ...,https://i.ytimg.com/vi/xvhOZLMaquY/default.jpg,120,90,https://i.ytimg.com/vi/xvhOZLMaquY/mqdefault.jpg,320,180,https://i.ytimg.com/vi/xvhOZLMaquY/hqdefault.jpg,480,360,DeepLearningAI,none,2021-03-25T18:08:42Z
1,youtube#searchResult,CYNNjig57QLxuuvWFttsQzwNVds,youtube#video,06-AZXmwHjo,2021-03-24T18:04:19Z,UCcIXc5mJsHVYTZR1maL5l9w,A Chat with Andrew on MLOps: From Model-centric to Data-centric AI,"In this event, Dr.Andrew Ng shared the skills he sees as fundamental to the next generation of machine learning practitioners, and followed with a Q&A.",https://i.ytimg.com/vi/06-AZXmwHjo/default.jpg,120,90,https://i.ytimg.com/vi/06-AZXmwHjo/mqdefault.jpg,320,180,https://i.ytimg.com/vi/06-AZXmwHjo/hqdefault.jpg,480,360,DeepLearningAI,none,2021-03-24T18:04:19Z
2,youtube#searchResult,6VkUK-lDRG2oH5LDE16gwhKk_aI,youtube#video,pfmvIsmcvv0,2021-03-09T21:11:46Z,UCcIXc5mJsHVYTZR1maL5l9w,[AI Access] Applied Analytics from End-to-End,"Welcome to our event series AI Access. Get the most critical AI trends, learn about best practices, and deep dive into a real-world use case with current AI ...",https://i.ytimg.com/vi/pfmvIsmcvv0/default.jpg,120,90,https://i.ytimg.com/vi/pfmvIsmcvv0/mqdefault.jpg,320,180,https://i.ytimg.com/vi/pfmvIsmcvv0/hqdefault.jpg,480,360,DeepLearningAI,none,2021-03-09T21:11:46Z
3,youtube#searchResult,LsR4-5ADbq3MUliG8j12Stzuq0M,youtube#video,U2nXlwCwuO4,2021-02-26T01:18:34Z,UCcIXc5mJsHVYTZR1maL5l9w,Expert Panel: Optimizing BizOps with AI,Welcome to DeepLearning.AI Expert Panel - Optimizing BizOps with AI - in partnership with FourthBrain. Join us for a discussion from AI leaders to find out how ...,https://i.ytimg.com/vi/U2nXlwCwuO4/default.jpg,120,90,https://i.ytimg.com/vi/U2nXlwCwuO4/mqdefault.jpg,320,180,https://i.ytimg.com/vi/U2nXlwCwuO4/hqdefault.jpg,480,360,DeepLearningAI,none,2021-02-26T01:18:34Z
4,youtube#searchResult,lM2Weoivzk1jI-c_F6EIDorIOnI,youtube#video,kk6rh45r0fo,2021-02-19T19:16:14Z,UCcIXc5mJsHVYTZR1maL5l9w,AI Access: Integrating Design and Technical Innovation in AI-First Products,"Welcome to DeepLearning.AI brand new event series AI Access. Get the most critical AI trends, learn about best practices, and deep dive into a real-world use ...",https://i.ytimg.com/vi/kk6rh45r0fo/default.jpg,120,90,https://i.ytimg.com/vi/kk6rh45r0fo/mqdefault.jpg,320,180,https://i.ytimg.com/vi/kk6rh45r0fo/hqdefault.jpg,480,360,DeepLearningAI,none,2021-02-19T19:16:14Z
0,youtube#searchResult,g2V4IYTBEABBLRpQoYzpkiAlWxg,youtube#video,m3TN9FFmqsI,2018-12-04T12:54:40Z,UCKfreQYtL6GZSj9Zq5FRQGA,Group Normalization,"Presentation O-4A-01 of European Conference on Computer Vision 2018, Munich Germany Webpage: https://eccv2018.org Title: Group Normalization Date: ...",https://i.ytimg.com/vi/m3TN9FFmqsI/default.jpg,120,90,https://i.ytimg.com/vi/m3TN9FFmqsI/mqdefault.jpg,320,180,https://i.ytimg.com/vi/m3TN9FFmqsI/hqdefault.jpg,480,360,European Computer Vision Association,none,2018-12-04T12:54:40Z
1,youtube#searchResult,FXv3rLtsdLEhEqmr3A1mDAOVT7Q,youtube#video,9ncoStGl4VA,2018-12-04T12:52:25Z,UCKfreQYtL6GZSj9Zq5FRQGA,ContextVP: Fully Context-Aware Video Prediction,"Presentation O-4C-02 of European Conference on Computer Vision 2018, Munich Germany Webpage: https://eccv2018.org Title: ContextVP: Fully ...",https://i.ytimg.com/vi/9ncoStGl4VA/default.jpg,120,90,https://i.ytimg.com/vi/9ncoStGl4VA/mqdefault.jpg,320,180,https://i.ytimg.com/vi/9ncoStGl4VA/hqdefault.jpg,480,360,European Computer Vision Association,none,2018-12-04T12:52:25Z
2,youtube#searchResult,cgccJ_M_kCjikSLYkBL19cVeedw,youtube#video,9WhDFbvZpyY,2018-12-04T12:51:42Z,UCKfreQYtL6GZSj9Zq5FRQGA,RelocNet: Continous Metric Learning Relocalisation using Neural Nets,"Presentation O-4B-02 of European Conference on Computer Vision 2018, Munich Germany Webpage: https://eccv2018.org Title: RelocNet: Continous Metric ...",https://i.ytimg.com/vi/9WhDFbvZpyY/default.jpg,120,90,https://i.ytimg.com/vi/9WhDFbvZpyY/mqdefault.jpg,320,180,https://i.ytimg.com/vi/9WhDFbvZpyY/hqdefault.jpg,480,360,European Computer Vision Association,none,2018-12-04T12:51:42Z
3,youtube#searchResult,8u0ZSZCUcA6XILBQyTbi51Lo7FE,youtube#video,ivvcXd6LmzA,2018-12-04T12:51:53Z,UCKfreQYtL6GZSj9Zq5FRQGA,Museum Exhibit Identification Challenge for the Supervised Domain Adaptation.,"Presentation O-4C-04 of European Conference on Computer Vision 2018, Munich Germany Webpage: https://eccv2018.org Title: Museum Exhibit Identification ...",https://i.ytimg.com/vi/ivvcXd6LmzA/default.jpg,120,90,https://i.ytimg.com/vi/ivvcXd6LmzA/mqdefault.jpg,320,180,https://i.ytimg.com/vi/ivvcXd6LmzA/hqdefault.jpg,480,360,European Computer Vision Association,none,2018-12-04T12:51:53Z
4,youtube#searchResult,3YkNWQb9RZZFDbzBXL05s98bRYY,youtube#video,U0bbOtAokB8,2018-12-04T12:52:03Z,UCKfreQYtL6GZSj9Zq5FRQGA,"Saliency Benchmarking Made Easy: Separating Models, Maps and Metrics","Presentation O-4C-03 of European Conference on Computer Vision 2018, Munich Germany Webpage: https://eccv2018.org Title: Saliency Benchmarking Made ...",https://i.ytimg.com/vi/U0bbOtAokB8/default.jpg,120,90,https://i.ytimg.com/vi/U0bbOtAokB8/mqdefault.jpg,320,180,https://i.ytimg.com/vi/U0bbOtAokB8/hqdefault.jpg,480,360,European Computer Vision Association,none,2018-12-04T12:52:03Z
0,youtube#searchResult,-kJHWnIJ6URw7-AUczvLVBuPFO4,youtube#video,WJ18JZKvt6s,2021-04-03T06:45:33Z,UCr8O8l5cCX85Oem1d18EezQ,ResNets are back baby!!! ...and they&#39;re gone | Machine Learning Monthly March 2021,Machine Learning Monthly covers the latest and greatest (but not always the latest) in machine learning of the previous month. This month we see things like ...,https://i.ytimg.com/vi/WJ18JZKvt6s/default.jpg,120,90,https://i.ytimg.com/vi/WJ18JZKvt6s/mqdefault.jpg,320,180,https://i.ytimg.com/vi/WJ18JZKvt6s/hqdefault.jpg,480,360,Daniel Bourke,none,2021-04-03T06:45:33Z
1,youtube#searchResult,qjdBmnXYFrr6X8Pu3HoLEmNMyo8,youtube#video,ZUKz4125WNI,2021-03-17T04:23:48Z,UCr8O8l5cCX85Oem1d18EezQ,Learn TensorFlow and Deep Learning fundamentals with Python (code-first introduction) Part 2,You've made it to part 2 of the longest code-first learn TensorFlow and deep learning fundamentals video series on YouTube! This part continues right where ...,https://i.ytimg.com/vi/ZUKz4125WNI/default.jpg,120,90,https://i.ytimg.com/vi/ZUKz4125WNI/mqdefault.jpg,320,180,https://i.ytimg.com/vi/ZUKz4125WNI/hqdefault.jpg,480,360,Daniel Bourke,none,2021-03-17T04:23:48Z
2,youtube#searchResult,NAUImqdHOuOd3z5WynKjgcjVh3I,youtube#video,tpCFfeUEGs8,2021-03-16T10:21:23Z,UCr8O8l5cCX85Oem1d18EezQ,Learn TensorFlow and Deep Learning fundamentals with Python (code-first introduction) Part 1,"Ready to learn the fundamentals of TensorFlow and deep learning with Python? Well, you've come to the right place. After this two-part code-first introduction, ...",https://i.ytimg.com/vi/tpCFfeUEGs8/default.jpg,120,90,https://i.ytimg.com/vi/tpCFfeUEGs8/mqdefault.jpg,320,180,https://i.ytimg.com/vi/tpCFfeUEGs8/hqdefault.jpg,480,360,Daniel Bourke,none,2021-03-16T10:21:23Z
3,youtube#searchResult,EsxTvsOCG8bIv0hmjlqYJWwnRx4,youtube#video,cNDA60YLVdQ,2021-03-08T07:55:03Z,UCr8O8l5cCX85Oem1d18EezQ,Level up your software engineering skills as a data scientist | ML Monthly February 2021,"How do you go from a data scientist or machine learning researcher to building full-stack applications? In this episode of Machine Learning Monthly, I cover ...",https://i.ytimg.com/vi/cNDA60YLVdQ/default.jpg,120,90,https://i.ytimg.com/vi/cNDA60YLVdQ/mqdefault.jpg,320,180,https://i.ytimg.com/vi/cNDA60YLVdQ/hqdefault.jpg,480,360,Daniel Bourke,none,2021-03-08T07:55:03Z
4,youtube#searchResult,5PgqJOla97_SbIR1GYNff9gmyOI,youtube#video,_WdcQOXIU7A,2021-02-25T23:08:12Z,UCr8O8l5cCX85Oem1d18EezQ,NEW TensorFlow Deep Learning Course Release Celebration/QA,A few months ago I got TensorFlow Developer Certified. And a bunch of people asked how they could too. So I decided to make a course to help out. Sign up for ...,https://i.ytimg.com/vi/_WdcQOXIU7A/default.jpg,120,90,https://i.ytimg.com/vi/_WdcQOXIU7A/mqdefault.jpg,320,180,https://i.ytimg.com/vi/_WdcQOXIU7A/hqdefault.jpg,480,360,Daniel Bourke,none,2021-02-25T23:08:12Z
0,youtube#searchResult,ox1mtzWC_6lGwcTg9QWr-mj6UjQ,youtube#video,7ryde8Cz-Cs,2021-01-26T13:07:32Z,UCrydcKaojc44XnuXrfhlV8Q,Build and Train a Machine Learning Model without Code in Under 10 Minutes,Learn how to build and train your very own custom machine learning model without any prior coding experience. This video will show you the power of a free ...,https://i.ytimg.com/vi/7ryde8Cz-Cs/default.jpg,120,90,https://i.ytimg.com/vi/7ryde8Cz-Cs/mqdefault.jpg,320,180,https://i.ytimg.com/vi/7ryde8Cz-Cs/hqdefault.jpg,480,360,The AI Guy,none,2021-01-26T13:07:32Z
1,youtube#searchResult,87UPJB7PaON2Gxoo0tXJP6CpPes,youtube#video,ebAykr9YZ30,2020-12-31T13:00:10Z,UCrydcKaojc44XnuXrfhlV8Q,Real-time YOLOv4 Object Detection on Webcam in Google Colab | Images and Video,"Learn how to implement YOLOv4 Object Detection on your Webcam from within Google Colab! This tutorial uses scaled-YOLOv4, the most fast and accurate ...",https://i.ytimg.com/vi/ebAykr9YZ30/default.jpg,120,90,https://i.ytimg.com/vi/ebAykr9YZ30/mqdefault.jpg,320,180,https://i.ytimg.com/vi/ebAykr9YZ30/hqdefault.jpg,480,360,The AI Guy,none,2020-12-31T13:00:10Z
2,youtube#searchResult,TInZcDkZ8NYKkiQTOVP6GZadM-I,youtube#video,YjWh7QvVH60,2020-12-15T13:00:07Z,UCrydcKaojc44XnuXrfhlV8Q,How to Use Webcam In Google Colab for Images and Video (FACE DETECTION),Learn how to access your webcam within Google Colab for Images and Video! This tutorial will run you through how to use your local machine's webcam within ...,https://i.ytimg.com/vi/YjWh7QvVH60/default.jpg,120,90,https://i.ytimg.com/vi/YjWh7QvVH60/mqdefault.jpg,320,180,https://i.ytimg.com/vi/YjWh7QvVH60/hqdefault.jpg,480,360,The AI Guy,none,2020-12-15T13:00:07Z
3,youtube#searchResult,H9RZx9fIRnar-juG8gMj_T-nffk,youtube#video,_zrNUzDS8Zc,2020-09-29T12:00:08Z,UCrydcKaojc44XnuXrfhlV8Q,YOLOv4 in the CLOUD: Build Object Tracking Using DeepSORT in Google Colab (FREE GPU),Learn how to build and run your very own Object Tracker in Google Colab! This tutorial walks you through the process of building an object tracking application ...,https://i.ytimg.com/vi/_zrNUzDS8Zc/default.jpg,120,90,https://i.ytimg.com/vi/_zrNUzDS8Zc/mqdefault.jpg,320,180,https://i.ytimg.com/vi/_zrNUzDS8Zc/hqdefault.jpg,480,360,The AI Guy,none,2020-09-29T12:00:08Z
4,youtube#searchResult,vJFFijcrOhFhQ1aR-hVUWqN2tlc,youtube#video,AAPZLK41rek,2020-09-22T12:00:05Z,UCrydcKaojc44XnuXrfhlV8Q,"License Plate Recognition Using YOLOv4 Object Detection, OpenCV, and Tesseract OCR","Learn how to implement your very own license plate recognition using a custom YOLOv4 Object Detector, OpenCV, and Tesseract OCR! In this tutorial I will ...",https://i.ytimg.com/vi/AAPZLK41rek/default.jpg,120,90,https://i.ytimg.com/vi/AAPZLK41rek/mqdefault.jpg,320,180,https://i.ytimg.com/vi/AAPZLK41rek/hqdefault.jpg,480,360,The AI Guy,none,2020-09-22T12:00:05Z
0,youtube#searchResult,VP1epXvGPFzSvdQwtJt3_YfuzF0,youtube#video,fkpw2QUUjTg,2020-07-14T13:49:35Z,UCBOgpkDhQuYeVVjuzS5Wtxw,MLSS 2020 Feedback Video,"Edition, Animations and Audio Mix by: Alejandro Posada (Visual Content Creator at MPI-IS) Table of Contents (powered by https://videoken.com) 0:00:00 MLSS ...",https://i.ytimg.com/vi/fkpw2QUUjTg/default.jpg,120,90,https://i.ytimg.com/vi/fkpw2QUUjTg/mqdefault.jpg,320,180,https://i.ytimg.com/vi/fkpw2QUUjTg/hqdefault.jpg,480,360,virtual mlss2020,none,2020-07-14T13:49:35Z
1,youtube#searchResult,qe_XiOcRwOiBJjrXW53eavxuTSw,youtube#video,XNTw7pUKcdY,2020-07-10T21:00:29Z,UCBOgpkDhQuYeVVjuzS5Wtxw,MLSS2020 Talent Show,"Edition, Animations and Audio Mix by: Alejandro Posada (Visual Content Creator at MPI-IS) Table of Contents (powered by https://videoken.com) 0:00:00 Check ...",https://i.ytimg.com/vi/XNTw7pUKcdY/default.jpg,120,90,https://i.ytimg.com/vi/XNTw7pUKcdY/mqdefault.jpg,320,180,https://i.ytimg.com/vi/XNTw7pUKcdY/hqdefault.jpg,480,360,virtual mlss2020,none,2020-07-10T21:00:29Z
2,youtube#searchResult,LqCrkajIzPVn6Qs35tk2TEVmxLM,youtube#video,C_lBYKV_pJo,2020-07-10T20:39:21Z,UCBOgpkDhQuYeVVjuzS5Wtxw,"Quantum Machine Learning - Maria Schuld - MLSS 2020, T√ºbingen",Table of Contents (powered by https://videoken.com) 0:00:00 Speaker Introduction 0:01:13 Quantum Machine Learning 0:03:27 Quantum computing is an ...,https://i.ytimg.com/vi/C_lBYKV_pJo/default.jpg,120,90,https://i.ytimg.com/vi/C_lBYKV_pJo/mqdefault.jpg,320,180,https://i.ytimg.com/vi/C_lBYKV_pJo/hqdefault.jpg,480,360,virtual mlss2020,none,2020-07-10T20:39:21Z
3,youtube#searchResult,abqC61F8ecpkRYho_e_HH2jXJL8,youtube#video,azWxO52jKew,2020-07-10T20:38:21Z,UCBOgpkDhQuYeVVjuzS5Wtxw,"Vlog 10 Shakir, Maria, and Michael","Edition, Animations and Audio Mix by: Alejandro Posada (Visual Content Creator at MPI-IS) Table of Contents (powered by https://videoken.com) 0:00:08 What is ...",https://i.ytimg.com/vi/azWxO52jKew/default.jpg,120,90,https://i.ytimg.com/vi/azWxO52jKew/mqdefault.jpg,320,180,https://i.ytimg.com/vi/azWxO52jKew/hqdefault.jpg,480,360,virtual mlss2020,none,2020-07-10T20:38:21Z
4,youtube#searchResult,KT8k8j-xdddw3LMqiPJakDl9hYQ,youtube#video,FjdGOQSCMx4,2020-07-10T20:09:56Z,UCBOgpkDhQuYeVVjuzS5Wtxw,"Vlog 09 Shakir, Doina, Michael, and Maria","Edition, Animations and Audio Mix by: Alejandro Posada (Visual Content Creator at MPI-IS) Table of Contents (powered by https://videoken.com) 0:00:10 Can ...",https://i.ytimg.com/vi/FjdGOQSCMx4/default.jpg,120,90,https://i.ytimg.com/vi/FjdGOQSCMx4/mqdefault.jpg,320,180,https://i.ytimg.com/vi/FjdGOQSCMx4/hqdefault.jpg,480,360,virtual mlss2020,none,2020-07-10T20:09:56Z
0,youtube#searchResult,76vVtl0h7HIqVhgEsHkHeCxvT4I,youtube#video,QV2vIfnfG1s,2021-02-04T07:07:13Z,UCR85FcguqcxLQ7XEg1byAtQ,Matroid Product Overview,Matroid CEO Reza Zadeh gives an overview of the Matroid product and its new features at ScaledML 2018.,https://i.ytimg.com/vi/QV2vIfnfG1s/default.jpg,120,90,https://i.ytimg.com/vi/QV2vIfnfG1s/mqdefault.jpg,320,180,https://i.ytimg.com/vi/QV2vIfnfG1s/hqdefault.jpg,480,360,Matroid,none,2021-02-04T07:07:13Z
1,youtube#searchResult,SWVF58BJLgGSDeq3z_RipOqAo-g,youtube#video,0B6n9MyysOc,2021-02-04T06:58:43Z,UCR85FcguqcxLQ7XEg1byAtQ,David Aronchick - Using MLOps to Bring ML to Production,"For more talks and to view corresponding slides, go to scaledml.org, select [media archive]. Presented at the 5th Annual Scaled Machine Learning Conference ...",https://i.ytimg.com/vi/0B6n9MyysOc/default.jpg,120,90,https://i.ytimg.com/vi/0B6n9MyysOc/mqdefault.jpg,320,180,https://i.ytimg.com/vi/0B6n9MyysOc/hqdefault.jpg,480,360,Matroid,none,2021-02-04T06:58:43Z
2,youtube#searchResult,S0aIb9nEHphpWTvntnm3x_gOUiU,youtube#video,LNt1x3Z683A,2021-02-04T06:58:32Z,UCR85FcguqcxLQ7XEg1byAtQ,Josh Romero - Scaling DL on the Summit Supercomputer,"For more talks and to view corresponding slides, go to scaledml.org, select [media archive]. Presented at the 5th Annual Scaled Machine Learning Conference ...",https://i.ytimg.com/vi/LNt1x3Z683A/default.jpg,120,90,https://i.ytimg.com/vi/LNt1x3Z683A/mqdefault.jpg,320,180,https://i.ytimg.com/vi/LNt1x3Z683A/hqdefault.jpg,480,360,Matroid,none,2021-02-04T06:58:32Z
3,youtube#searchResult,YnQUg9Oj7Q0YqZrcT-xSlcm2wDg,youtube#video,4RUkRz48GMI,2021-02-04T06:58:25Z,UCR85FcguqcxLQ7XEg1byAtQ,Panel Discussion - AI Products &amp; MLOps,"For more talks and to view corresponding slides, go to scaledml.org, select [media archive]. Presented at the 5th Annual Scaled Machine Learning Conference ...",https://i.ytimg.com/vi/4RUkRz48GMI/default.jpg,120,90,https://i.ytimg.com/vi/4RUkRz48GMI/mqdefault.jpg,320,180,https://i.ytimg.com/vi/4RUkRz48GMI/hqdefault.jpg,480,360,Matroid,none,2021-02-04T06:58:25Z
4,youtube#searchResult,oDxMAsTIod_S-12qdU7kVbGu3uA,youtube#video,BG1OiLlRI2M,2021-01-10T19:49:19Z,UCR85FcguqcxLQ7XEg1byAtQ,Peter Mattson - MLPerf: Driving Innovation by Measuring Performance,"For more talks and to view corresponding slides, go to scaledml.org, select [media archive]. Presented at the 5th Annual Scaled Machine Learning Conference ...",https://i.ytimg.com/vi/BG1OiLlRI2M/default.jpg,120,90,https://i.ytimg.com/vi/BG1OiLlRI2M/mqdefault.jpg,320,180,https://i.ytimg.com/vi/BG1OiLlRI2M/hqdefault.jpg,480,360,Matroid,none,2021-01-10T19:49:19Z
0,youtube#searchResult,Fk09rYxd9MunneddBZ2rCIFkWW4,youtube#video,xzns4h-VNYY,2021-04-07T15:43:46Z,UCADT4bgaV94IVkpABEY7iiA,Webinar: Alleviating Data Science Pain | Saturn Cloud &amp; AWS Solutions for Teams,A successful data science team needs access to the appropriate resources for any tasks that come their way. Saturn Cloud and AWS can put those resources at ...,https://i.ytimg.com/vi/xzns4h-VNYY/default.jpg,120,90,https://i.ytimg.com/vi/xzns4h-VNYY/mqdefault.jpg,320,180,https://i.ytimg.com/vi/xzns4h-VNYY/hqdefault.jpg,480,360,Saturn Cloud,none,2021-04-07T15:43:46Z
1,youtube#searchResult,l_iRVKRhCeF4VceyjAQxaK2pCLw,youtube#video,F4J2M470T48,2021-03-12T15:29:47Z,UCADT4bgaV94IVkpABEY7iiA,Webinar: Data Science at Internet Scale with GPUs in the Cloud,"Every day, data scientists are pushing the boundaries of what's possible with machine learning. This comes with the requirements of larger datasets and more ...",https://i.ytimg.com/vi/F4J2M470T48/default.jpg,120,90,https://i.ytimg.com/vi/F4J2M470T48/mqdefault.jpg,320,180,https://i.ytimg.com/vi/F4J2M470T48/hqdefault.jpg,480,360,Saturn Cloud,none,2021-03-12T15:29:47Z
2,youtube#searchResult,LUH7XrlVSQmbmdRZg2LiyIvrpAo,youtube#video,O38v7olOS3s,2021-03-02T16:43:03Z,UCADT4bgaV94IVkpABEY7iiA,Saturn Cloud Workshop: Speeding Up Transfer Learning,"Transfer learning takes a long time. Join our upcoming workshop to learn best practices for faster, better performance on transfer learning and deep learning ...",https://i.ytimg.com/vi/O38v7olOS3s/default.jpg,120,90,https://i.ytimg.com/vi/O38v7olOS3s/mqdefault.jpg,320,180,https://i.ytimg.com/vi/O38v7olOS3s/hqdefault.jpg,480,360,Saturn Cloud,none,2021-03-02T16:43:03Z
3,youtube#searchResult,pq88pdDNuH3px9-78IedQtSxTHc,youtube#video,WoVVLk7dod4,2021-01-29T21:43:51Z,UCADT4bgaV94IVkpABEY7iiA,Saturn Cloud Workshop: Scaling LightGBM training with Dask on Saturn Cloud,"In this workshop, attendees will get an introduction to LightGBM, a popular lightweight gradient-boosted decision tree (GBDT) library. This introduction will cover ...",https://i.ytimg.com/vi/WoVVLk7dod4/default.jpg,120,90,https://i.ytimg.com/vi/WoVVLk7dod4/mqdefault.jpg,320,180,https://i.ytimg.com/vi/WoVVLk7dod4/hqdefault.jpg,480,360,Saturn Cloud,none,2021-01-29T21:43:51Z
4,youtube#searchResult,veJsDhFQCyVO4JgkV1bTw73PcWc,youtube#video,j_COVqCF-YA,2021-01-19T23:34:01Z,UCADT4bgaV94IVkpABEY7iiA,Saturn Cloud Workshop: Introduction to PyTorch with Dask: Batch Inference,"In this hands-on workshop, attendees will have the opportunity to see how image classification tasks in PyTorch can be easily parallelized using Dask clusters ...",https://i.ytimg.com/vi/j_COVqCF-YA/default.jpg,120,90,https://i.ytimg.com/vi/j_COVqCF-YA/mqdefault.jpg,320,180,https://i.ytimg.com/vi/j_COVqCF-YA/hqdefault.jpg,480,360,Saturn Cloud,none,2021-01-19T23:34:01Z
0,youtube#searchResult,dGiCsZMldjK_1KGXvUTeRXNuH0M,youtube#video,FtaMHuvfdhs,2021-03-31T04:13:46Z,UCopQd3S1UGsEwqs5Dy2kQwg,Model-based AI Live-Watch/Read,Powered by Restream https://restream.io/ Twice weekly live-streams on on applied Bayesian modeling and probabilistic machine learning. Tuesdays 11AM EST ...,https://i.ytimg.com/vi/FtaMHuvfdhs/default.jpg,120,90,https://i.ytimg.com/vi/FtaMHuvfdhs/mqdefault.jpg,320,180,https://i.ytimg.com/vi/FtaMHuvfdhs/hqdefault.jpg,480,360,altdeep,none,2021-03-31T04:13:46Z
1,youtube#searchResult,zeNT_ZoToU5vfAxyW6XZJwntqjU,youtube#video,OOsm7nktIp4,2021-03-27T04:32:13Z,UCopQd3S1UGsEwqs5Dy2kQwg,Model-based AI Live-Watch/Read,Powered by Restream https://restream.io/ Twice weekly live-streams on on applied Bayesian modeling and probabilistic machine learning. Tuesdays 11AM EST ...,https://i.ytimg.com/vi/OOsm7nktIp4/default.jpg,120,90,https://i.ytimg.com/vi/OOsm7nktIp4/mqdefault.jpg,320,180,https://i.ytimg.com/vi/OOsm7nktIp4/hqdefault.jpg,480,360,altdeep,none,2021-03-27T04:32:13Z
2,youtube#searchResult,E-Kx1SVUVlJzvAxAEEAScJGQVWE,youtube#video,eGOlfTMtbb4,2021-03-26T19:47:03Z,UCopQd3S1UGsEwqs5Dy2kQwg,Model-based AI Live-Watch/Read,Powered by Restream https://restream.io/ Twice weekly live-streams on on applied Bayesian modeling and probabilistic machine learning. Tuesdays 11AM EST ...,https://i.ytimg.com/vi/eGOlfTMtbb4/default.jpg,120,90,https://i.ytimg.com/vi/eGOlfTMtbb4/mqdefault.jpg,320,180,https://i.ytimg.com/vi/eGOlfTMtbb4/hqdefault.jpg,480,360,altdeep,none,2021-03-26T19:47:03Z
3,youtube#searchResult,VXx_Vs48SPg3bVWNaaD6GwNS8p4,youtube#video,NtJ46WzgLbU,2021-03-24T04:04:01Z,UCopQd3S1UGsEwqs5Dy2kQwg,Model-based AI Live-Watch/Read,Powered by Restream https://restream.io/ Twice weekly live-streams on on applied Bayesian modeling and probabilistic machine learning. Tuesdays 11AM EST ...,https://i.ytimg.com/vi/NtJ46WzgLbU/default.jpg,120,90,https://i.ytimg.com/vi/NtJ46WzgLbU/mqdefault.jpg,320,180,https://i.ytimg.com/vi/NtJ46WzgLbU/hqdefault.jpg,480,360,altdeep,none,2021-03-24T04:04:01Z
4,youtube#searchResult,oiva9XJd093wJsvtSEv7bzbtu7w,youtube#video,CzmTNnkD9gE,2021-03-20T04:37:39Z,UCopQd3S1UGsEwqs5Dy2kQwg,Model-based AI Live-Watch/Read,Powered by Restream https://restream.io/ Twice weekly live-streams on on applied Bayesian modeling and probabilistic machine learning. Tuesdays 11AM EST ...,https://i.ytimg.com/vi/CzmTNnkD9gE/default.jpg,120,90,https://i.ytimg.com/vi/CzmTNnkD9gE/mqdefault.jpg,320,180,https://i.ytimg.com/vi/CzmTNnkD9gE/hqdefault.jpg,480,360,altdeep,none,2021-03-20T04:37:39Z
0,youtube#searchResult,AIkkbnTHPCe2rLK0kpi9fkuGHXg,youtube#video,Z2FdH3j8Wbc,2021-02-02T15:29:52Z,UCjK2LOJJy9gomvzcfUFgdDA,Leaving the lab: Building NLP applications that real people can use,"Bay Area NLP Talk by Kieran Snyder, CEO and founder of Text.io. The meetup page is at: https://www.meetup.com/Bay-Area-NLP/events/275430426/",https://i.ytimg.com/vi/Z2FdH3j8Wbc/default.jpg,120,90,https://i.ytimg.com/vi/Z2FdH3j8Wbc/mqdefault.jpg,320,180,https://i.ytimg.com/vi/Z2FdH3j8Wbc/hqdefault.jpg,480,360,Robert Monarch,none,2021-02-02T15:29:52Z
1,youtube#searchResult,0KSINcmY4N1ECO3BPjQSOg_OCRM,youtube#video,6qDg-jLjnbM,2021-01-05T17:56:42Z,UCjK2LOJJy9gomvzcfUFgdDA,Empowering translators of marginalized languages through language technology,Bay Area NLP talk: Alp √ñktem and Grace Tang from Translators without Borders (TWB) will join us to talk about empowering translators of marginalized ...,https://i.ytimg.com/vi/6qDg-jLjnbM/default.jpg,120,90,https://i.ytimg.com/vi/6qDg-jLjnbM/mqdefault.jpg,320,180,https://i.ytimg.com/vi/6qDg-jLjnbM/hqdefault.jpg,480,360,Robert Monarch,none,2021-01-05T17:56:42Z
2,youtube#searchResult,fKeuFuqkrCHfs_Zu3sFpo4WNGWc,youtube#video,ZWvfv7clQFk,2020-11-20T18:25:14Z,UCjK2LOJJy9gomvzcfUFgdDA,Efficient Language Models: finding your optimal architecture,Bay Area NLP Talk: Meghana Ravikumar from SigOpt talks about finding the architecture for your language models. The meetup page is at: ...,https://i.ytimg.com/vi/ZWvfv7clQFk/default.jpg,120,90,https://i.ytimg.com/vi/ZWvfv7clQFk/mqdefault.jpg,320,180,https://i.ytimg.com/vi/ZWvfv7clQFk/hqdefault.jpg,480,360,Robert Monarch,none,2020-11-20T18:25:14Z
3,youtube#searchResult,0IdOmsKtxiwHkELh10P9jAjwt54,youtube#video,_MTsMhQXmw4,2020-10-25T16:29:25Z,UCjK2LOJJy9gomvzcfUFgdDA,Detecting Independent Pronoun Bias with Partially-Synthetic Data Generation,Robert (Munro) Monarch and Alex (Carmen) Morrison. Presentation for our paper at the 2020 Conference on Empirical Methods in Natural Language ...,https://i.ytimg.com/vi/_MTsMhQXmw4/default.jpg,120,90,https://i.ytimg.com/vi/_MTsMhQXmw4/mqdefault.jpg,320,180,https://i.ytimg.com/vi/_MTsMhQXmw4/hqdefault.jpg,480,360,Robert Monarch,none,2020-10-25T16:29:25Z
4,youtube#searchResult,IYJ6u2s9fcMGLSSq4qboR0Sc8-4,youtube#video,qWUslmU7BjY,2020-10-19T16:32:36Z,UCjK2LOJJy9gomvzcfUFgdDA,An Introduction to Transfer Learning in NLP and HuggingFace,"Bay Area NLP talk: Thomas Wolf, co-founder and Chief Science Officer of HuggingFace, introduces their open-source tools, including the Transformers, ...",https://i.ytimg.com/vi/qWUslmU7BjY/default.jpg,120,90,https://i.ytimg.com/vi/qWUslmU7BjY/mqdefault.jpg,320,180,https://i.ytimg.com/vi/qWUslmU7BjY/hqdefault.jpg,480,360,Robert Monarch,none,2020-10-19T16:32:36Z
0,youtube#searchResult,aBnH3xBn84dWPumwp2SuPxkBYWY,youtube#video,cfG3epKN5-8,2021-04-06T18:45:36Z,UCLh3OUmBGe4wPyVZiI771ng,04/06/2021 -- Elan Rosenfeld (CMU),Title: The Risks of Invariant Risk Minimization Abstract: Invariant feature learning has become a popular alternative to Empirical Risk Minimization as ...,https://i.ytimg.com/vi/cfG3epKN5-8/default.jpg,120,90,https://i.ytimg.com/vi/cfG3epKN5-8/mqdefault.jpg,320,180,https://i.ytimg.com/vi/cfG3epKN5-8/hqdefault.jpg,480,360,CMU AI Seminar,none,2021-04-06T18:45:36Z
1,youtube#searchResult,sRLHl1_5G68ezVFRusqV5pgyvLo,youtube#video,dzl542aKSGo,2021-03-31T00:56:21Z,UCLh3OUmBGe4wPyVZiI771ng,03/30/2021 -- Been Kim (Google Brain),"Title: Interpretability, the Past, Present and Future Abstract: Interpretable machine learning has been a popular topic of study in the past many years. But are we ...",https://i.ytimg.com/vi/dzl542aKSGo/default.jpg,120,90,https://i.ytimg.com/vi/dzl542aKSGo/mqdefault.jpg,320,180,https://i.ytimg.com/vi/dzl542aKSGo/hqdefault.jpg,480,360,CMU AI Seminar,none,2021-03-31T00:56:21Z
2,youtube#searchResult,67HZSh423Q3lAE0sZpTPTKXfOuM,youtube#video,DMRqdh5fYrg,2021-03-25T00:10:05Z,UCLh3OUmBGe4wPyVZiI771ng,03/24/2021 -- Le Song (MBZUAI/GeorgiaTech),"Title: Understanding Deep Architectures with Reasoning Layer Abstract: Recently, there has been a surge of interest in combining deep learning models with ...",https://i.ytimg.com/vi/DMRqdh5fYrg/default.jpg,120,90,https://i.ytimg.com/vi/DMRqdh5fYrg/mqdefault.jpg,320,180,https://i.ytimg.com/vi/DMRqdh5fYrg/hqdefault.jpg,480,360,CMU AI Seminar,none,2021-03-25T00:10:05Z
3,youtube#searchResult,UkBvrfmH_IJR2rNLNqRgvRMZYIw,youtube#video,Q3zEfQkr2s0,2021-03-16T19:38:03Z,UCLh3OUmBGe4wPyVZiI771ng,03/16/2021 -- Raia Hadsell (DeepMind),Title: Scalable Robot Learning in Rich Environments Abstract: As modern machine learning methods push towards breakthroughs in controlling physical ...,https://i.ytimg.com/vi/Q3zEfQkr2s0/default.jpg,120,90,https://i.ytimg.com/vi/Q3zEfQkr2s0/mqdefault.jpg,320,180,https://i.ytimg.com/vi/Q3zEfQkr2s0/hqdefault.jpg,480,360,CMU AI Seminar,none,2021-03-16T19:38:03Z
4,youtube#searchResult,Sp89CtK0sNuUN5ndkaignqLQU5I,youtube#video,GvyFBu9Pv5U,2021-03-10T02:48:42Z,UCLh3OUmBGe4wPyVZiI771ng,03/09/2021 -- Kayvon Fatahalian (Stanford University),"Title: Keeping the Domain Expert in the Loop: Ideas to Models in Hours, Not Weeks Abstract: My students and I often find ourselves as ""subject matter experts"" ...",https://i.ytimg.com/vi/GvyFBu9Pv5U/default.jpg,120,90,https://i.ytimg.com/vi/GvyFBu9Pv5U/mqdefault.jpg,320,180,https://i.ytimg.com/vi/GvyFBu9Pv5U/hqdefault.jpg,480,360,CMU AI Seminar,none,2021-03-10T02:48:42Z
0,youtube#searchResult,AkxihASoyPjiGa1U4FrIhNYn16Y,youtube#video,vQQEaSnQ_bs,2020-09-10T14:15:03Z,UCCezIgC97PvUuR4_gbFUs5g,Python YouTube API Tutorial: Using OAuth to Access User Accounts,"In this Python Programming Tutorial, we'll be learning how to learning how to use OAuth2 for the YouTube API. This will allow us to access a user's YouTube ...",https://i.ytimg.com/vi/vQQEaSnQ_bs/default.jpg,120,90,https://i.ytimg.com/vi/vQQEaSnQ_bs/mqdefault.jpg,320,180,https://i.ytimg.com/vi/vQQEaSnQ_bs/hqdefault.jpg,480,360,Corey Schafer,none,2020-09-10T14:15:03Z
1,youtube#searchResult,1n1BYgwfV2uVsolZr68elqqCJqQ,youtube#video,1KO_HZtHOWI,2020-07-31T14:30:00Z,UCCezIgC97PvUuR4_gbFUs5g,Python YouTube API Tutorial: Sort a Playlist by Most Popular Videos,"In this Python Programming Tutorial, we'll be learning how to get the most popular videos in a YouTube playlist. I use scripts like this a lot personally when I don't ...",https://i.ytimg.com/vi/1KO_HZtHOWI/default.jpg,120,90,https://i.ytimg.com/vi/1KO_HZtHOWI/mqdefault.jpg,320,180,https://i.ytimg.com/vi/1KO_HZtHOWI/hqdefault.jpg,480,360,Corey Schafer,none,2020-07-31T14:30:00Z
2,youtube#searchResult,7Whpc_ETYoQvxL6TARWa0bCJ9cY,youtube#video,coZbOM6E47I,2020-06-10T15:53:26Z,UCCezIgC97PvUuR4_gbFUs5g,Python YouTube API Tutorial: Calculating the Duration of a Playlist,"In this Python Programming Tutorial, we'll be learning how to calculate the duration of a YouTube playlist. The duration of a playlist is likely one of the first things ...",https://i.ytimg.com/vi/coZbOM6E47I/default.jpg,120,90,https://i.ytimg.com/vi/coZbOM6E47I/mqdefault.jpg,320,180,https://i.ytimg.com/vi/coZbOM6E47I/hqdefault.jpg,480,360,Corey Schafer,none,2020-06-10T15:53:26Z
3,youtube#searchResult,YDOaC1FVFMFbqQKhXRDcvgzlkbc,youtube#video,th5_9woFJmk,2020-05-29T16:17:07Z,UCCezIgC97PvUuR4_gbFUs5g,Python YouTube API Tutorial: Getting Started - Creating an API Key and Querying the API,"In this Python Programming Tutorial, we'll be learning how to use the YouTube API. We will learn how to create an API Key and connect to the YouTube API ...",https://i.ytimg.com/vi/th5_9woFJmk/default.jpg,120,90,https://i.ytimg.com/vi/th5_9woFJmk/mqdefault.jpg,320,180,https://i.ytimg.com/vi/th5_9woFJmk/hqdefault.jpg,480,360,Corey Schafer,none,2020-05-29T16:17:07Z
4,youtube#searchResult,6-6_EL36R7UjKoRwS10MAs7qFoU,youtube#video,RO6JxDOVwLQ,2020-05-11T13:00:10Z,UCCezIgC97PvUuR4_gbFUs5g,Python Tutorial: Real World Example - Using Patreon API and Pillow to Automate Image Creation,"In this Python Programming Tutorial, we'll be learning how to use the Patreon API and the Pillow library to automate the creation of images. I'm specifically using ...",https://i.ytimg.com/vi/RO6JxDOVwLQ/default.jpg,120,90,https://i.ytimg.com/vi/RO6JxDOVwLQ/mqdefault.jpg,320,180,https://i.ytimg.com/vi/RO6JxDOVwLQ/hqdefault.jpg,480,360,Corey Schafer,none,2020-05-11T13:00:10Z
0,youtube#searchResult,--4YN-Yt_-fAZN6hCsTtFSgBaP8,youtube#video,rk-f3B-eMkI,2020-05-26T19:27:20Z,UCMjMBMGt0WJQLeluw6qNJuA,Talk: Harry Percival - Stop Using Mocks (for a while),"Presented by: Harry Percival Classic testing tutorials usually present code that's free of side-effects and external I/O dependencies, but the real world is seldom ...",https://i.ytimg.com/vi/rk-f3B-eMkI/default.jpg,120,90,https://i.ytimg.com/vi/rk-f3B-eMkI/mqdefault.jpg,320,180,https://i.ytimg.com/vi/rk-f3B-eMkI/hqdefault.jpg,480,360,PyCon US,none,2020-05-26T19:27:20Z
1,youtube#searchResult,yYLvz_mERowlbBuDSeWxHh-m8k0,youtube#video,S77ASVUiTdA,2020-05-20T17:10:38Z,UCMjMBMGt0WJQLeluw6qNJuA,Sponsor Workshop: ActiveState - Shaun Lowry - We need to talk about Windows,ActiveState builds Python from source for every runtime we distribute. We build every package from source too. For Linux and MacOS that's a pretty ...,https://i.ytimg.com/vi/S77ASVUiTdA/default.jpg,120,90,https://i.ytimg.com/vi/S77ASVUiTdA/mqdefault.jpg,320,180,https://i.ytimg.com/vi/S77ASVUiTdA/hqdefault.jpg,480,360,PyCon US,none,2020-05-20T17:10:38Z
2,youtube#searchResult,u3kLCxP8bkJfg3T5iQNSb-Kqlyg,youtube#video,yJ6iN5M42sA,2020-05-20T12:41:48Z,UCMjMBMGt0WJQLeluw6qNJuA,Tutorial: Allison Parrish - Nonsense verse with Python and machine learning,"Presented by: Allison Parrish When Lewis Carroll wrote ‚ÄúJabberwocky,‚Äù how did he know how to spell ‚ÄúJabberwock‚Äù? Why are some words (like ‚Äúcellar door‚Äù) ...",https://i.ytimg.com/vi/yJ6iN5M42sA/default.jpg,120,90,https://i.ytimg.com/vi/yJ6iN5M42sA/mqdefault.jpg,320,180,https://i.ytimg.com/vi/yJ6iN5M42sA/hqdefault.jpg,480,360,PyCon US,none,2020-05-20T12:41:48Z
3,youtube#searchResult,dOgw5bXTsKg2VX8PxnJjGjubwVQ,youtube#video,NG21KWZSiok,2020-05-14T18:29:54Z,UCMjMBMGt0WJQLeluw6qNJuA,Talk: Colin Carroll - Getting started with automatic differentiation,"Presented by: Colin Carroll The derivative is a concept from calculus which gives you the rate of change of a function: for a small change in an input, how much ...",https://i.ytimg.com/vi/NG21KWZSiok/default.jpg,120,90,https://i.ytimg.com/vi/NG21KWZSiok/mqdefault.jpg,320,180,https://i.ytimg.com/vi/NG21KWZSiok/hqdefault.jpg,480,360,PyCon US,none,2020-05-14T18:29:54Z
4,youtube#searchResult,f4mmJsVpSpaJ91CYgPfM6Yr-3jU,youtube#video,XL77lRTVF3g,2020-05-13T17:08:07Z,UCMjMBMGt0WJQLeluw6qNJuA,Sponsor Workshop: Jason Lantz - Salesforce: How Python Powers Salesforce.org&#39;s Unique Open Source...,Full Title: How Python Powers Salesforce.org's Unique Open Source Model Salesforce.org's core products are the most installed open source packages run on ...,https://i.ytimg.com/vi/XL77lRTVF3g/default.jpg,120,90,https://i.ytimg.com/vi/XL77lRTVF3g/mqdefault.jpg,320,180,https://i.ytimg.com/vi/XL77lRTVF3g/hqdefault.jpg,480,360,PyCon US,none,2020-05-13T17:08:07Z
